CustomerID,Name,City,State,SignupDate
1001,Customer 1001,Delhi,DL,2023-06-17
1002,Customer 1002,Bengaluru,KA,2023-11-11
1003,Customer 1003,Delhi,DL,2023-12-06
1004,Customer 1004,Delhi,DL,2024-05-05
1005,Customer 1005,Kochi,KL,2023-06-08
1006,Customer 1006,Mumbai,MH,2023-09-07
1007,Customer 1007,Kochi,KL,2023-02-27
1008,Customer 1008,Thrissur,KL,2024-07-10
1009,Customer 1009,Mumbai,MH,2023-10-01
1010,Customer 1010,Kozhikode,KL,2024-07-10
1011,Customer 1011,Thrissur,KL,2023-05-07
1012,Customer 1012,Chennai,TN,2023-01-22
1013,Customer 1013,Kochi,KL,2023-02-15
1014,Customer 1014,Bengaluru,KA,2023-04-16
1015,Customer 1015,Kochi,KL,2024-07-11
1016,Customer 1016,Bengaluru,KA,2023-10-31
1017,Customer 1017,Mumbai,MH,2023-04-16
1018,Customer 1018,Chennai,TN,2024-06-07
1019,Customer 1019,Mumbai,MH,2024-03-01
1020,Customer 1020,Chennai,TN,2023-05-26
1021,Customer 1021,Kochi,KL,2023-01-02
1022,Customer 1022,Bengaluru,KA,2023-08-18
1023,Customer 1023,Mumbai,MH,2023-01-25
1024,Customer 1024,Chennai,TN,2023-08-21
1025,Customer 1025,Delhi,DL,2024-03-13
1026,Customer 1026,Thrissur,KL,2024-01-30
1027,Customer 1027,Thrissur,KL,2023-05-31
1028,Customer 1028,Mumbai,MH,2023-12-28
1029,Customer 1029,Bengaluru,KA,2023-10-21
1030,Customer 1030,Delhi,DL,2023-08-20
1031,Customer 1031,Mumbai,MH,2024-01-29
1032,Customer 1032,Kochi,KL,2023-04-26
1033,Customer 1033,Chennai,TN,2024-05-18
1034,Customer 1034,Kochi,KL,2023-06-23
1035,Customer 1035,Thrissur,KL,2023-04-23
1036,Customer 1036,Chennai,TN,2023-08-18
1037,Customer 1037,Mumbai,MH,2023-04-15
1038,Customer 1038,Kochi,KL,2023-10-16
1039,Customer 1039,Kozhikode,KL,2024-01-01
1040,Customer 1040,Bengaluru,KA,2023-03-20
1041,Customer 1041,Delhi,DL,2023-12-08
1042,Customer 1042,Delhi,DL,2023-05-02
1043,Customer 1043,Bengaluru,KA,2024-01-05
1044,Customer 1044,Kozhikode,KL,2023-03-28
1045,Customer 1045,Thrissur,KL,2023-02-14
1046,Customer 1046,Chennai,TN,2023-06-04
1047,Customer 1047,Bengaluru,KA,2023-07-02
1048,Customer 1048,Kozhikode,KL,2024-03-14
1049,Customer 1049,Mumbai,MH,2024-06-27
1050,Customer 1050,Delhi,DL,2023-12-09
1051,Customer 1051,Kozhikode,KL,2023-07-05
1052,Customer 1052,Thrissur,KL,2024-03-11
1053,Customer 1053,Thrissur,KL,2023-06-03
1054,Customer 1054,Kochi,KL,2023-11-05
1055,Customer 1055,Bengaluru,KA,2023-10-21
1056,Customer 1056,Kochi,KL,2023-12-23
1057,Customer 1057,Delhi,DL,2023-04-17
1058,Customer 1058,Kozhikode,KL,2023-10-05
1059,Customer 1059,Chennai,TN,2024-05-26
1060,Customer 1060,Chennai,TN,2024-01-13
1061,Customer 1061,Thrissur,KL,2023-09-29
1062,Customer 1062,Chennai,TN,2023-03-20
1063,Customer 1063,Chennai,TN,2023-01-03
1064,Customer 1064,Delhi,DL,2023-06-02
1065,Customer 1065,Chennai,TN,2023-05-31
1066,Customer 1066,Kozhikode,KL,2023-11-24
1067,Customer 1067,Chennai,TN,2023-06-01
1068,Customer 1068,Mumbai,MH,2024-02-04
1069,Customer 1069,Chennai,TN,2024-04-02
1070,Customer 1070,Chennai,TN,2024-05-04
1071,Customer 1071,Kochi,KL,2023-03-10
1072,Customer 1072,Kozhikode,KL,2023-04-26
1073,Customer 1073,Thrissur,KL,2024-08-14
1074,Customer 1074,Kochi,KL,2024-03-13
1075,Customer 1075,Bengaluru,KA,2023-10-13
1076,Customer 1076,Kozhikode,KL,2023-05-29
1077,Customer 1077,Mumbai,MH,2023-04-03
1078,Customer 1078,Kozhikode,KL,2023-11-27
1079,Customer 1079,Bengaluru,KA,2023-05-11
1080,Customer 1080,Bengaluru,KA,2023-07-06
1081,Customer 1081,Bengaluru,KA,2024-01-30
1082,Customer 1082,Delhi,DL,2023-12-28
1083,Customer 1083,Thrissur,KL,2023-11-23
1084,Customer 1084,Chennai,TN,2024-05-21
1085,Customer 1085,Kozhikode,KL,2024-03-10
1086,Customer 1086,Delhi,DL,2024-05-07
1087,Customer 1087,Chennai,TN,2024-02-28
1088,Customer 1088,Chennai,TN,2023-12-08
1089,Customer 1089,Mumbai,MH,2023-05-22
1090,Customer 1090,Bengaluru,KA,2023-09-09
1091,Customer 1091,Thrissur,KL,2024-01-28
1092,Customer 1092,Mumbai,MH,2024-03-04
1093,Customer 1093,Kochi,KL,2024-07-16
1094,Customer 1094,Delhi,DL,2024-05-24
1095,Customer 1095,Delhi,DL,2024-07-05
1096,Customer 1096,Thrissur,KL,2024-06-30
1097,Customer 1097,Chennai,TN,2024-05-19
1098,Customer 1098,Delhi,DL,2024-06-29
1099,Customer 1099,Thrissur,KL,2024-07-03
1100,Customer 1100,Delhi,DL,2023-08-24
