Date,Department,Category,Amount,Mode
2024-08-14,Finance,Supplies,3379.94,Wire
2024-08-30,HR,Meals,10395.56,Card
2024-02-14,HR,Utilities,11825.23,Card
2024-12-08,Marketing,Meals,17080.27,Cash
2024-08-09,Operations,Meals,11335.09,Cash
2024-01-22,Marketing,Travel,19515.44,Cash
2024-07-10,Marketing,Meals,5971.39,Wire
2024-12-29,HR,Utilities,1985.87,Wire
2024-05-14,Marketing,Software,15380.76,UPI
2024-10-06,HR,Utilities,19192.86,Card
2024-08-15,Marketing,Supplies,3676.88,Cash
2024-04-21,Sales,Travel,14141.27,UPI
2024-12-23,Marketing,Utilities,7284.7,Wire
2024-08-08,HR,Meals,17195.79,Wire
2024-07-09,Sales,Training,7466.47,UPI
2024-06-18,Finance,Supplies,17029.75,UPI
2024-01-14,HR,Meals,9198.76,Cash
2024-05-13,IT,Training,273.65,Wire
2024-02-22,Operations,Meals,1516.17,Wire
2024-02-07,Operations,Supplies,10561.19,Card
2024-07-14,Finance,Utilities,19616.83,Card
2024-10-29,HR,Training,15493.74,UPI
2024-08-06,IT,Training,2843.61,UPI
2024-11-03,Finance,Meals,17776.94,UPI
2024-01-08,Sales,Travel,11499.53,UPI
2024-07-26,Operations,Software,14968.67,Wire
2024-08-11,Sales,Supplies,11522.21,UPI
2024-05-21,Operations,Training,12681.88,Cash
2024-01-26,Sales,Utilities,428.22,UPI
2024-05-02,Sales,Travel,15709.67,Card
2024-06-16,IT,Training,2514.2,Card
2024-01-05,Finance,Training,231.27,Cash
2024-07-26,IT,Training,2780.41,Card
2024-09-11,Finance,Software,14312.52,Cash
2024-01-08,Operations,Supplies,5471.66,UPI
2024-02-01,IT,Software,19237.69,Wire
2024-07-24,IT,Supplies,3998.36,Wire
2024-08-15,Operations,Travel,638.26,Cash
2024-07-30,HR,Software,8395.74,Wire
2024-11-13,Operations,Travel,14996.85,Card
2024-02-14,Operations,Utilities,13149.66,Cash
2024-10-07,Operations,Travel,5349.24,Card
2024-02-13,Marketing,Travel,13844.36,UPI
2024-05-21,Sales,Training,17201.71,UPI
2024-05-21,Operations,Software,4990.82,Cash
2024-03-22,Marketing,Utilities,13535.63,UPI
2024-12-09,Finance,Software,12797.13,Cash
2024-08-30,Marketing,Training,8942.64,UPI
2024-02-25,Sales,Training,14831.13,Cash
2024-11-09,Marketing,Utilities,7763.2,Cash
2024-04-06,Sales,Supplies,4234.77,Wire
2024-08-02,Sales,Utilities,13774.94,Card
2024-02-09,Operations,Software,5553.59,Card
2024-09-26,HR,Supplies,19912.96,Wire
2024-11-04,Operations,Supplies,8848.19,Card
2024-06-03,Marketing,Travel,12304.87,Card
2024-04-24,Finance,Software,502.24,Cash
2024-10-26,HR,Training,5782.35,Card
2024-01-12,Marketing,Supplies,1237.63,Cash
2024-07-10,HR,Utilities,17490.44,UPI
2024-04-02,IT,Software,13606.71,Card
2024-10-04,Marketing,Meals,13071.83,Wire
2024-10-29,IT,Utilities,7960.44,Card
2024-10-27,Operations,Supplies,5109.06,UPI
2024-01-09,Marketing,Software,8506.37,Wire
2024-06-12,Marketing,Software,14467.61,UPI
2024-06-20,IT,Software,2907.36,UPI
2024-07-18,Finance,Supplies,10374.74,Cash
2024-03-16,Operations,Software,1911.21,Wire
2024-03-01,Operations,Supplies,2873.76,Wire
2024-09-01,Finance,Supplies,18783.85,Wire
2024-06-03,Operations,Utilities,5893.49,Cash
2024-06-10,Operations,Utilities,19886.9,Wire
2024-10-03,Marketing,Supplies,2958.07,Wire
2024-09-15,HR,Training,8604.96,Wire
2024-11-30,Marketing,Supplies,12252.71,Cash
2024-09-02,Operations,Meals,3236.62,Card
2024-07-05,HR,Travel,15781.98,UPI
2024-09-29,Operations,Utilities,12004.42,UPI
2024-05-04,HR,Software,18474.02,Wire
2024-02-20,HR,Software,13103.26,UPI
2024-11-22,Finance,Meals,13823.0,Wire
2024-03-09,Marketing,Supplies,3140.65,UPI
2024-02-26,Marketing,Travel,9771.16,UPI
2024-04-08,HR,Software,9254.87,Card
2024-11-20,IT,Supplies,3422.97,Card
2024-11-27,Marketing,Travel,8602.9,UPI
2024-02-06,Sales,Training,8642.84,Cash
2024-01-26,Marketing,Travel,9854.12,Wire
2024-01-08,Finance,Utilities,8993.44,UPI
2024-01-04,Operations,Training,7955.18,Cash
2024-05-28,Marketing,Travel,12776.11,Card
2024-05-22,Operations,Training,557.03,Card
2024-02-12,Sales,Training,15789.51,Wire
2024-07-03,Marketing,Supplies,3213.06,UPI
2024-04-01,Sales,Meals,2897.76,UPI
2024-11-19,HR,Supplies,19126.23,Card
2024-02-03,Finance,Travel,17586.68,Cash
2024-07-15,IT,Travel,2726.01,Wire
2024-03-28,HR,Travel,13251.28,Card
2024-01-07,Operations,Meals,6839.51,Cash
2024-02-21,Sales,Utilities,16090.78,Card
2024-08-08,Finance,Meals,2094.66,Cash
2024-05-22,HR,Utilities,19200.6,Wire
2024-12-28,Sales,Utilities,13034.54,UPI
2024-10-03,Finance,Travel,3507.7,Cash
2024-10-24,IT,Utilities,13655.13,Wire
2024-01-15,Finance,Travel,7261.11,Card
2024-07-14,Finance,Utilities,15486.23,Wire
2024-04-02,Sales,Training,13350.22,UPI
2024-02-21,Operations,Software,17968.9,Cash
2024-06-29,Operations,Meals,13740.09,Wire
2024-11-03,Sales,Travel,9808.56,UPI
2024-05-14,Marketing,Training,1767.89,Wire
2024-09-16,HR,Meals,18018.21,Wire
2024-09-11,Finance,Supplies,5633.37,Wire
2024-12-01,IT,Meals,8990.97,Wire
2024-09-11,Operations,Utilities,5517.88,Card
2024-07-13,HR,Travel,19986.46,Wire
2024-07-16,Marketing,Software,13616.7,UPI
2024-12-03,IT,Utilities,13254.7,Cash
2024-07-30,HR,Supplies,4472.92,Cash
2024-03-22,HR,Supplies,15414.74,Wire
2024-11-24,Operations,Software,2297.13,Cash
2024-02-18,Marketing,Meals,16131.91,UPI
2024-11-06,Sales,Utilities,17496.79,Cash
2024-04-14,Finance,Training,15991.34,Card
2024-01-15,Sales,Software,13480.79,Card
2024-07-29,Finance,Supplies,3071.65,Wire
2024-04-11,IT,Software,8177.22,Card
2024-06-07,Finance,Software,13177.98,UPI
2024-10-27,HR,Meals,10948.26,UPI
2024-06-13,Sales,Travel,1512.55,UPI
2024-03-05,Marketing,Training,13176.59,Wire
2024-10-08,Finance,Meals,10042.37,Card
2024-10-08,IT,Software,17252.4,Wire
2024-09-22,Operations,Utilities,17612.06,Card
2024-08-04,Operations,Software,8278.8,Wire
2024-04-14,IT,Training,9863.16,Cash
2024-11-25,Finance,Software,17574.29,Cash
2024-02-16,HR,Supplies,6720.25,Cash
2024-05-08,Sales,Training,11518.41,Cash
2024-05-26,Sales,Supplies,4814.45,Wire
2024-03-12,Finance,Travel,19626.4,Wire
2024-01-27,HR,Supplies,10327.32,Wire
2024-06-22,Sales,Utilities,3389.78,Wire
2024-02-29,HR,Travel,3763.99,UPI
2024-09-15,Finance,Software,16998.67,UPI
2024-02-21,Marketing,Utilities,16715.41,UPI
2024-04-05,IT,Meals,5685.1,UPI
2024-11-11,IT,Utilities,5340.29,Card
2024-10-01,Sales,Meals,9451.38,Card
2024-08-21,IT,Utilities,4585.57,UPI
2024-06-14,IT,Training,8303.14,UPI
2024-10-17,HR,Software,16217.76,Card
2024-07-13,Operations,Utilities,18951.4,Card
2024-05-22,Sales,Training,17764.71,Wire
2024-03-30,Finance,Meals,16577.73,Wire
2024-11-28,Sales,Supplies,8478.99,Wire
2024-05-11,Finance,Travel,5447.69,UPI
2024-04-07,Marketing,Supplies,6258.82,Card
2024-10-30,Marketing,Travel,2004.52,Wire
2024-02-29,Operations,Travel,8273.24,Cash
2024-05-28,IT,Software,4099.68,Card
2024-07-04,Finance,Meals,4710.01,Card
2024-03-18,Operations,Utilities,2419.55,Cash
2024-10-07,Sales,Meals,9088.45,UPI
2024-05-23,HR,Training,19075.82,UPI
2024-07-12,Operations,Training,8787.73,Wire
2024-10-01,Operations,Training,905.12,Card
2024-08-30,Finance,Training,11172.56,Card
2024-01-10,Finance,Utilities,458.92,Card
2024-01-29,Operations,Supplies,3714.14,UPI
2024-01-23,IT,Travel,704.36,Card
2024-01-28,IT,Training,4577.36,Wire
2024-06-23,Operations,Training,10053.46,UPI
2024-11-17,Marketing,Training,878.37,Wire
2024-02-24,Sales,Supplies,6644.97,Cash
2024-03-14,Sales,Supplies,11960.02,Cash
2024-12-02,IT,Supplies,10767.76,Card
2024-03-27,Sales,Software,382.98,Cash
2024-11-28,Operations,Travel,19746.85,Cash
2024-11-01,Sales,Training,11792.62,Wire
2024-09-16,HR,Utilities,13040.84,Wire
2024-04-10,Operations,Meals,12202.8,Cash
2024-12-18,Sales,Training,8674.78,Wire
2024-10-22,HR,Software,15855.92,Wire
2024-05-09,Operations,Meals,438.98,UPI
2024-03-14,IT,Travel,317.3,Card
2024-03-30,Sales,Utilities,19264.84,UPI
2024-08-23,Marketing,Supplies,18287.52,Wire
2024-11-27,IT,Software,11553.35,Wire
2024-12-13,Marketing,Meals,7127.03,Cash
2024-03-26,IT,Software,6594.98,UPI
2024-08-01,Sales,Travel,15014.5,UPI
2024-03-31,HR,Utilities,17298.22,UPI
2024-03-26,Marketing,Software,1542.37,Card
2024-04-10,IT,Training,16158.21,Card
2024-02-29,HR,Meals,14400.94,Card
2024-02-17,Marketing,Travel,8646.52,Card
2024-12-27,HR,Meals,16961.91,Card
2024-02-02,Finance,Training,826.08,UPI
2024-06-13,Operations,Travel,18033.19,UPI
2024-10-18,Operations,Training,6402.36,Cash
2024-10-13,IT,Meals,14588.08,Cash
2024-10-12,Marketing,Meals,17341.4,Wire
2024-01-12,HR,Travel,12543.13,UPI
2024-08-31,Operations,Utilities,4432.06,Cash
2024-07-06,IT,Travel,8608.64,Wire
2024-03-31,IT,Utilities,14917.99,Wire
2024-09-12,HR,Supplies,10302.89,Wire
2024-10-02,Marketing,Utilities,7840.02,Cash
2024-03-11,Finance,Meals,9717.27,Cash
2024-05-09,IT,Utilities,1783.65,Card
2024-01-08,Marketing,Utilities,8637.08,Card
2024-04-20,Sales,Travel,12067.4,Wire
2024-01-23,Finance,Travel,5786.68,Wire
2024-01-15,Marketing,Utilities,1267.87,Cash
2024-04-24,Operations,Travel,809.35,UPI
2024-11-03,Sales,Utilities,15261.09,Cash
2024-11-20,Operations,Utilities,2646.74,UPI
2024-06-23,Marketing,Supplies,14216.04,UPI
2024-06-20,IT,Travel,4090.36,Wire
2024-11-29,HR,Utilities,16675.48,Cash
2024-02-23,Finance,Supplies,17121.43,Card
2024-04-11,Marketing,Meals,6685.81,Cash
2024-10-30,Sales,Software,14785.71,Cash
2024-08-09,Operations,Training,13493.09,Card
2024-12-13,Marketing,Training,5213.51,Wire
2024-08-22,Sales,Utilities,16121.36,Cash
2024-09-13,Operations,Meals,720.69,UPI
2024-03-25,Finance,Meals,8091.47,Wire
2024-02-16,IT,Utilities,5243.47,Cash
2024-02-28,IT,Software,11213.48,Cash
2024-01-12,Finance,Travel,10798.0,Card
2024-01-06,Marketing,Travel,2702.13,Card
2024-12-11,Operations,Training,2399.05,Cash
2024-06-22,Sales,Travel,15502.9,Card
2024-12-27,Marketing,Meals,16277.23,Wire
2024-04-25,Finance,Utilities,6315.45,Card
2024-12-30,Operations,Utilities,8829.8,Card
2024-10-29,Marketing,Utilities,9540.77,Card
2024-04-26,Operations,Travel,2517.49,Wire
2024-11-04,Marketing,Meals,2449.03,Card
2024-07-04,Operations,Supplies,17937.08,UPI
2024-09-29,HR,Supplies,10282.61,Card
2024-09-06,Operations,Supplies,14389.31,Card
2024-06-28,Operations,Meals,6605.06,Wire
2024-04-29,Operations,Travel,2911.94,Wire
2024-04-20,Operations,Training,9775.46,UPI
2024-02-27,Operations,Utilities,9637.09,Wire
2024-07-29,Marketing,Utilities,9954.95,Card
2024-09-18,Finance,Training,9719.57,Wire
2024-02-19,Sales,Training,11132.78,Card
2024-03-28,Marketing,Software,5783.59,UPI
2024-01-14,Marketing,Utilities,15403.65,UPI
2024-10-22,Sales,Meals,3275.8,UPI
2024-07-26,Finance,Training,4220.8,Card
2024-03-20,Operations,Supplies,1924.22,Wire
2024-03-18,Operations,Travel,7056.07,Cash
2024-10-15,IT,Utilities,6027.02,Card
2024-10-02,HR,Supplies,11806.41,Wire
2024-01-07,IT,Meals,11625.66,UPI
2024-01-24,IT,Software,19857.52,Cash
2024-08-03,Operations,Utilities,1632.5,Cash
2024-02-23,Marketing,Meals,2907.1,Cash
2024-12-01,Sales,Software,13075.88,Wire
2024-02-14,Operations,Meals,10778.09,Cash
2024-08-03,Sales,Meals,5389.84,UPI
2024-11-27,Sales,Software,13177.23,Card
2024-06-14,Finance,Software,10328.42,Wire
2024-12-30,IT,Training,1029.23,Wire
2024-11-28,Marketing,Software,11767.65,Wire
2024-09-01,Sales,Meals,1173.34,UPI
2024-04-25,IT,Meals,6119.17,Wire
2024-12-21,Marketing,Software,4990.17,UPI
2024-01-25,Finance,Supplies,1836.81,Cash
2024-04-09,HR,Software,14702.6,UPI
2024-01-19,IT,Software,10337.96,Cash
2024-09-10,Sales,Training,8892.78,Card
2024-05-28,Operations,Training,1413.72,Card
2024-06-25,IT,Supplies,9511.87,Card
2024-07-01,Marketing,Meals,3054.52,Cash
2024-03-28,Finance,Meals,9740.38,Card
2024-02-15,Operations,Software,19892.27,Wire
2024-01-19,Sales,Software,12237.56,Cash
2024-08-20,Marketing,Supplies,9193.71,Card
2024-09-07,Sales,Meals,16378.62,UPI
2024-08-19,Finance,Supplies,15721.61,Card
2024-02-15,Sales,Software,14527.47,Cash
2024-03-25,Marketing,Supplies,8476.38,Card
2024-01-03,Marketing,Training,9150.47,UPI
2024-06-05,Finance,Software,7134.68,Card
2024-11-28,Operations,Travel,4640.32,Wire
2024-04-23,IT,Utilities,286.32,Wire
2024-11-26,Marketing,Supplies,11291.4,Wire
2024-07-21,Marketing,Software,2078.71,Wire
2024-08-21,Marketing,Supplies,18315.61,Cash
2024-05-20,HR,Supplies,16384.77,UPI
2024-04-18,Sales,Software,8969.7,UPI
2024-10-15,Operations,Utilities,18300.3,Wire
2024-11-30,IT,Software,16246.57,Cash
2024-08-17,Operations,Software,1406.06,Cash
2024-08-04,Sales,Training,6357.27,Card
2024-11-07,Sales,Meals,3857.34,UPI
2024-04-04,Operations,Training,17006.07,Cash
2024-08-18,IT,Training,12051.57,Wire
2024-07-09,Finance,Utilities,6577.2,Card
2024-11-29,Sales,Software,18856.23,Card
2024-01-21,Finance,Supplies,18878.47,UPI
2024-05-20,HR,Travel,6902.83,UPI
2024-03-24,HR,Utilities,7398.45,Card
2024-02-17,HR,Supplies,12610.32,UPI
2024-01-30,Operations,Software,13810.01,Wire
2024-05-19,Finance,Meals,11163.82,Wire
2024-10-08,Sales,Supplies,8676.84,Wire
2024-11-06,Marketing,Training,15583.54,Cash
2024-09-26,HR,Travel,16139.29,UPI
2024-05-07,Marketing,Utilities,1859.32,Cash
2024-04-04,Marketing,Software,3053.26,Cash
2024-03-01,Sales,Meals,16617.8,Card
2024-08-28,IT,Training,14752.66,Wire
2024-08-27,Marketing,Software,17269.66,Cash
2024-11-10,HR,Utilities,12381.25,Wire
2024-09-28,HR,Travel,10145.04,UPI
2024-09-06,HR,Meals,11953.49,Cash
2024-05-13,IT,Software,16978.64,UPI
2024-05-05,HR,Utilities,19605.03,UPI
2024-05-20,IT,Meals,4702.95,Cash
2024-08-13,Sales,Software,2324.56,Wire
2024-10-20,Marketing,Travel,12267.02,Card
2024-09-10,Finance,Meals,15979.57,UPI
2024-09-20,Sales,Training,17891.98,Wire
2024-04-13,HR,Travel,7455.85,Wire
2024-08-23,Operations,Travel,9354.76,Cash
2024-07-06,HR,Software,2468.0,UPI
2024-01-22,Finance,Training,16240.48,UPI
2024-06-21,Operations,Software,17305.93,UPI
2024-03-26,Marketing,Meals,16542.48,Cash
2024-01-13,IT,Meals,5065.86,Card
2024-03-24,Operations,Meals,5705.37,Wire
2024-11-13,Finance,Software,16517.07,UPI
2024-10-06,Operations,Utilities,15285.37,Cash
2024-06-14,IT,Travel,6916.23,UPI
2024-03-08,Marketing,Travel,726.73,Wire
2024-03-26,Sales,Supplies,17059.39,Cash
2024-06-26,IT,Travel,6949.48,Card
2024-09-08,Marketing,Supplies,4002.27,Wire
2024-07-19,HR,Meals,13160.41,UPI
2024-03-29,HR,Utilities,13298.18,Card
2024-05-16,Marketing,Training,14778.34,Wire
2024-06-14,Finance,Travel,8626.15,UPI
2024-12-08,Operations,Travel,2505.62,Card
2024-08-08,IT,Utilities,12232.64,Cash
2024-11-05,HR,Training,1776.97,Cash
2024-01-20,Operations,Utilities,3530.97,UPI
2024-04-09,HR,Software,12978.89,Cash
2024-03-17,Sales,Utilities,12946.66,UPI
2024-06-21,Marketing,Utilities,15146.48,Cash
2024-08-04,HR,Travel,15518.22,Card
2024-03-14,IT,Meals,11157.87,UPI
2024-09-12,IT,Training,7595.69,Card
2024-03-18,Marketing,Travel,16747.29,UPI
2024-04-05,IT,Software,16396.1,Card
2024-09-29,HR,Meals,9281.43,Card
2024-06-27,Operations,Training,13660.26,Cash
2024-05-11,IT,Software,9636.05,Card
2024-09-28,Marketing,Meals,2112.46,UPI
2024-12-06,Finance,Software,15857.31,Card
2024-06-16,Finance,Software,2336.91,Card
2024-02-27,Operations,Meals,1137.03,Wire
2024-03-19,IT,Utilities,5165.81,UPI
2024-04-30,Finance,Supplies,17072.53,Card
2024-03-10,Finance,Utilities,6943.4,UPI
2024-01-20,Sales,Travel,3399.64,UPI
2024-03-09,Marketing,Utilities,11674.82,Wire
2024-04-11,IT,Software,18564.57,UPI
2024-05-24,IT,Software,1861.18,Wire
2024-09-25,IT,Travel,1984.25,UPI
2024-07-05,Operations,Meals,12412.97,UPI
2024-12-15,HR,Supplies,969.7,Wire
2024-05-17,Marketing,Software,5596.64,Card
2024-02-20,IT,Utilities,2434.59,Card
2024-03-08,Marketing,Software,6250.41,UPI
2024-02-11,HR,Travel,17476.97,Cash
2024-08-13,Marketing,Software,11373.16,UPI
2024-06-14,Finance,Supplies,7488.1,UPI
2024-04-21,Operations,Meals,8626.01,UPI
2024-06-26,HR,Utilities,5773.89,Wire
2024-09-02,Finance,Supplies,11294.97,Card
2024-11-12,IT,Meals,9194.56,Wire
2024-08-24,HR,Travel,7957.08,UPI
2024-09-02,IT,Utilities,16953.16,Wire
2024-01-10,Sales,Software,19695.96,Card
2024-09-20,HR,Training,8708.79,Cash
2024-09-30,Finance,Software,5285.27,Card
2024-06-20,Sales,Travel,13343.21,UPI
2024-11-05,Sales,Supplies,8065.11,Wire
2024-12-15,IT,Software,8760.65,UPI
2024-01-26,Sales,Software,10431.37,UPI
2024-05-17,Operations,Meals,6292.94,Cash
2024-12-28,Marketing,Utilities,1007.54,UPI
2024-06-16,IT,Training,11595.88,Wire
2024-03-21,Sales,Software,7284.14,Wire
2024-12-17,HR,Meals,4721.44,Wire
2024-03-02,Sales,Supplies,6053.64,Wire
2024-04-08,Operations,Travel,18465.48,UPI
2024-02-22,HR,Utilities,16273.9,Card
2024-03-20,Marketing,Travel,10186.74,Wire
2024-11-21,IT,Utilities,5217.28,Wire
2024-05-20,HR,Software,18621.26,Card
2024-09-21,Marketing,Travel,17181.68,Card
2024-07-27,Sales,Training,15083.26,Cash
2024-06-13,IT,Training,2316.33,Wire
2024-11-15,Finance,Meals,16754.37,Card
2024-10-16,Sales,Training,15726.91,Wire
2024-05-30,Marketing,Travel,1093.29,UPI
2024-12-18,Finance,Utilities,4249.19,Wire
2024-12-08,IT,Training,14968.11,Card
2024-08-14,Sales,Software,15147.82,UPI
2024-11-09,Marketing,Supplies,14725.71,Card
2024-04-27,HR,Utilities,19602.31,Card
2024-12-17,Operations,Supplies,1019.21,UPI
2024-05-31,Finance,Travel,8772.87,Card
2024-05-25,IT,Software,2221.08,Wire
2024-05-31,Sales,Utilities,17501.67,Wire
2024-04-25,Sales,Supplies,5920.95,Wire
2024-09-07,IT,Utilities,16323.16,Cash
2024-05-29,IT,Meals,7688.29,Card
2024-04-29,Sales,Software,10549.34,Cash
2024-12-16,Finance,Utilities,6621.41,Cash
2024-10-24,Marketing,Utilities,3929.69,Wire
2024-01-02,IT,Software,18624.48,Wire
2024-12-30,Finance,Software,16262.37,UPI
2024-03-09,Marketing,Training,9962.92,Cash
2024-11-11,Marketing,Training,18877.31,Cash
2024-04-02,HR,Software,16094.76,Cash
2024-04-21,Operations,Software,6652.62,Cash
2024-10-30,Operations,Software,11337.74,Wire
2024-10-26,HR,Travel,19722.63,Cash
2024-05-15,Sales,Meals,11102.14,Cash
2024-10-29,Marketing,Supplies,17804.78,UPI
2024-08-09,HR,Utilities,8676.65,UPI
2024-06-15,Sales,Supplies,17922.32,Wire
2024-06-14,Sales,Meals,19242.9,Cash
2024-05-17,Operations,Utilities,11782.86,Cash
2024-12-11,HR,Utilities,14254.13,Wire
2024-07-27,Sales,Meals,5043.4,UPI
2024-05-12,Operations,Utilities,13854.24,Wire
2024-11-03,Operations,Software,5195.12,UPI
2024-04-06,IT,Meals,15959.08,Cash
2024-07-01,Sales,Supplies,6593.44,UPI
2024-10-11,Finance,Supplies,7325.68,UPI
2024-12-25,IT,Meals,8217.23,UPI
2024-09-06,Operations,Utilities,11999.77,Card
2024-01-21,IT,Utilities,14731.62,UPI
2024-04-04,HR,Utilities,10261.64,Wire
2024-08-16,Marketing,Meals,8302.09,Card
2024-11-17,Marketing,Utilities,15733.21,Card
2024-08-23,Sales,Training,12759.72,UPI
2024-10-02,HR,Meals,10022.29,Card
2024-06-21,Finance,Supplies,6345.88,UPI
2024-05-04,Sales,Training,18666.39,Cash
2024-09-17,Operations,Meals,6501.45,Wire
2024-05-03,HR,Training,8155.51,Card
2024-07-19,Operations,Utilities,2342.89,Card
2024-10-01,IT,Training,6803.54,UPI
2024-09-29,IT,Meals,19208.24,Wire
2024-04-02,HR,Utilities,5684.56,Card
2024-04-16,IT,Software,7100.48,Card
2024-12-30,HR,Software,5855.41,Cash
2024-05-14,Marketing,Travel,8881.11,UPI
2024-01-24,Sales,Meals,831.32,Card
2024-09-29,Sales,Supplies,5623.51,UPI
2024-01-03,IT,Utilities,11011.79,Cash
2024-11-02,Marketing,Supplies,18706.11,UPI
2024-01-03,HR,Software,8700.59,Cash
2024-12-26,Marketing,Training,2456.12,Card
2024-07-27,Marketing,Supplies,13504.49,UPI
2024-05-16,Marketing,Travel,14473.69,Wire
2024-04-24,Marketing,Travel,4692.34,UPI
2024-11-28,IT,Travel,19687.97,UPI
2024-02-16,IT,Training,9502.02,Cash
2024-06-28,Finance,Software,16894.92,Card
2024-05-05,Sales,Meals,4279.27,Card
2024-09-04,Marketing,Utilities,14827.8,Card
2024-06-24,Sales,Utilities,13635.24,Wire
2024-03-14,Sales,Travel,18923.47,UPI
2024-10-18,IT,Meals,12066.01,Cash
2024-04-21,Marketing,Supplies,10341.78,Cash
2024-04-19,Sales,Training,10122.17,UPI
2024-03-26,Finance,Supplies,15879.75,Card
2024-11-20,Sales,Training,11186.36,Wire
2024-12-20,HR,Travel,12701.27,Cash
2024-04-21,Operations,Utilities,6499.41,Cash
2024-10-17,Sales,Software,18233.74,Cash
2024-06-16,HR,Travel,15839.74,Wire
2024-07-08,Sales,Travel,10747.69,Card
2024-07-14,IT,Software,10735.94,UPI
2024-11-07,IT,Travel,16490.18,Wire
2024-05-26,Finance,Utilities,10128.66,Wire
2024-01-11,Marketing,Supplies,17827.99,Wire
2024-08-06,Finance,Meals,14788.97,Wire
2024-12-27,IT,Meals,2151.04,Wire
2024-03-24,Marketing,Supplies,18573.1,UPI
2024-06-24,IT,Software,1302.32,UPI
2024-04-16,Marketing,Meals,3250.42,UPI
2024-10-02,IT,Supplies,2190.5,UPI
2024-06-03,Operations,Utilities,13861.29,UPI
2024-08-27,Marketing,Software,493.22,Cash
2024-12-07,Sales,Software,14032.98,Cash
2024-08-01,Operations,Training,2955.37,Wire
2024-05-25,HR,Supplies,9069.91,Card
2024-05-04,Finance,Software,9115.25,UPI
2024-10-03,Finance,Software,10780.83,UPI
2024-12-12,Marketing,Utilities,1038.22,Card
2024-05-03,Sales,Travel,14396.11,Card
2024-04-20,Sales,Meals,6222.27,UPI
2024-01-30,Operations,Training,6678.98,Wire
2024-07-30,Finance,Utilities,7267.36,UPI
2024-01-27,IT,Supplies,15542.2,Card
2024-08-02,Operations,Supplies,15490.73,Card
2024-09-15,HR,Supplies,6749.74,Card
2024-04-29,IT,Utilities,16252.27,Card
2024-05-07,Operations,Training,15769.17,Wire
2024-06-24,Marketing,Training,5746.66,Wire
2024-11-15,Marketing,Meals,6499.63,Card
2024-02-19,Operations,Software,6333.35,UPI
2024-03-09,Operations,Supplies,15216.49,UPI
2024-01-16,Operations,Utilities,7745.79,UPI
2024-12-22,Marketing,Meals,16248.23,Wire
2024-05-11,Operations,Software,5947.62,Wire
2024-09-04,HR,Travel,5701.76,Wire
2024-11-21,Finance,Software,17886.68,UPI
2024-02-07,Marketing,Supplies,16541.36,Wire
2024-11-13,Operations,Travel,1944.91,Card
2024-01-10,Sales,Utilities,16850.29,UPI
2024-01-04,Operations,Meals,16441.8,Cash
2024-02-11,Operations,Software,12604.42,Wire
2024-04-23,Operations,Training,10338.06,Card
2024-06-22,Sales,Training,9452.29,Wire
2024-10-03,Operations,Travel,9007.15,Cash
2024-03-09,Sales,Supplies,17539.2,UPI
2024-08-17,Marketing,Software,10915.0,Wire
2024-02-05,Finance,Utilities,15865.7,Wire
2024-05-28,Marketing,Utilities,16961.38,Wire
2024-03-12,Sales,Meals,1468.87,Wire
2024-07-08,Finance,Travel,2951.41,Cash
2024-10-08,Marketing,Meals,9971.91,UPI
2024-10-04,IT,Meals,3461.73,Wire
2024-04-16,Operations,Travel,5520.27,Wire
2024-10-19,Sales,Utilities,7127.26,Cash
2024-01-01,Operations,Utilities,7483.37,Wire
2024-06-28,Sales,Supplies,12122.94,UPI
2024-08-22,IT,Supplies,16139.35,Cash
2024-12-02,HR,Supplies,18961.17,UPI
2024-01-27,IT,Training,5147.55,UPI
2024-03-31,IT,Training,17716.56,UPI
2024-11-17,Marketing,Travel,19785.87,Card
2024-08-06,Finance,Utilities,1671.76,UPI
2024-03-10,Operations,Software,16903.02,Card
2024-11-01,Sales,Meals,6886.67,Wire
2024-07-25,Sales,Software,13974.42,UPI
2024-04-21,Operations,Supplies,18146.55,UPI
2024-12-12,Operations,Training,14386.23,Cash
2024-07-03,Sales,Travel,7507.31,Wire
2024-08-08,HR,Software,12727.01,Wire
2024-04-26,Finance,Training,11886.58,Cash
2024-03-10,IT,Meals,9327.2,Cash
2024-05-11,IT,Software,13938.84,Cash
2024-03-29,IT,Meals,9547.91,Wire
2024-05-10,Operations,Training,1354.28,UPI
2024-06-19,Marketing,Travel,12163.27,Cash
2024-05-08,IT,Travel,6628.29,Cash
2024-09-02,IT,Supplies,17154.45,Cash
2024-08-05,IT,Software,4722.5,Card
2024-02-24,Finance,Utilities,4192.77,Wire
2024-06-04,Operations,Software,14166.18,Wire
2024-11-24,Marketing,Supplies,16742.63,UPI
2024-12-29,Finance,Supplies,3756.25,UPI
2024-09-06,HR,Training,13798.0,Wire
2024-07-29,Finance,Software,11024.25,UPI
2024-12-06,Finance,Training,4041.08,Wire
2024-09-08,Finance,Travel,1574.03,Card
2024-03-06,Operations,Software,16150.5,Card
2024-04-15,Operations,Supplies,11711.06,UPI
2024-06-24,IT,Software,12727.38,Card
2024-02-11,IT,Meals,1191.28,Card
2024-11-28,Sales,Supplies,15604.09,Card
2024-10-08,Operations,Supplies,11369.71,Cash
2024-04-19,Finance,Training,18467.94,Cash
2024-08-24,Sales,Training,6100.0,UPI
2024-02-18,Finance,Meals,3729.58,UPI
2024-05-16,Sales,Utilities,11645.89,Card
2024-11-16,Sales,Meals,12369.89,Card
2024-03-11,HR,Meals,17556.64,Card
2024-07-18,Sales,Meals,16292.59,Cash
2024-05-17,Sales,Software,6914.79,Cash
2024-07-31,HR,Travel,18992.43,Wire
2024-04-10,Marketing,Utilities,14449.95,Card
2024-07-03,HR,Travel,14594.2,Wire
2024-08-01,HR,Software,5870.05,Card
2024-05-05,Sales,Software,383.2,Cash
2024-01-04,Finance,Supplies,9869.03,Cash
2024-06-24,Sales,Supplies,8035.59,Cash
2024-09-15,HR,Utilities,6021.27,UPI
2024-07-09,Marketing,Meals,6158.2,Wire
2024-05-17,Sales,Supplies,449.38,Cash
2024-12-15,IT,Meals,4799.01,Wire
2024-12-21,Operations,Training,4136.8,Cash
2024-08-17,HR,Travel,1919.89,Cash
2024-11-05,HR,Software,13485.3,Wire
2024-02-18,Finance,Meals,2385.81,UPI
2024-01-29,Operations,Travel,17952.12,Wire
2024-09-25,Marketing,Meals,12044.01,Card
2024-01-16,Marketing,Travel,3002.73,Wire
2024-05-13,HR,Travel,10445.73,UPI
2024-05-12,Marketing,Utilities,4418.54,UPI
2024-02-01,Finance,Supplies,8152.73,Card
2024-01-25,Sales,Training,15588.28,Cash
2024-02-28,Sales,Training,12547.83,Card
2024-11-09,Sales,Utilities,1378.35,Wire
2024-07-28,Finance,Travel,18508.32,Card
2024-02-26,Marketing,Utilities,13300.73,UPI
2024-02-23,Operations,Training,6090.35,Wire
2024-12-07,Sales,Software,14566.25,Card
2024-10-30,Sales,Training,3459.62,Card
2024-10-30,Marketing,Utilities,9234.9,Card
2024-01-06,Operations,Travel,2268.75,Card
2024-11-29,Finance,Software,1576.27,Card
2024-12-05,Operations,Software,482.68,UPI
2024-02-13,Operations,Training,19417.35,UPI
2024-06-02,Finance,Travel,2867.37,UPI
2024-01-14,Finance,Software,6510.21,Cash
2024-10-18,Marketing,Supplies,17773.74,Wire
2024-08-01,Finance,Training,3098.19,Wire
2024-03-31,IT,Utilities,7228.9,Card
2024-09-09,Sales,Travel,5273.85,Cash
2024-01-31,Operations,Supplies,17451.18,Cash
2024-03-21,HR,Travel,19805.48,Cash
2024-08-21,HR,Software,13303.46,Wire
2024-02-05,IT,Software,14765.72,Card
2024-11-19,IT,Utilities,9261.38,Cash
2024-01-09,Operations,Software,14368.14,Wire
2024-10-27,Operations,Supplies,18203.45,UPI
2024-08-24,Marketing,Training,7330.81,UPI
2024-01-22,IT,Utilities,14556.84,Cash
2024-10-30,HR,Software,17703.16,Card
2024-08-17,Sales,Supplies,11958.7,Card
2024-07-26,Sales,Supplies,8047.85,Cash
2024-03-05,Marketing,Travel,5742.76,Wire
2024-10-27,Operations,Training,13837.6,Cash
2024-05-31,Sales,Supplies,3371.89,UPI
2024-11-24,Sales,Utilities,16125.54,UPI
2024-06-11,Operations,Utilities,2306.09,Wire
2024-08-25,Marketing,Training,3889.07,UPI
2024-01-16,Sales,Meals,10164.63,Wire
2024-12-21,Operations,Utilities,10126.75,Card
2024-08-26,IT,Utilities,7099.86,Cash
2024-01-06,Marketing,Software,16673.4,Cash
2024-09-10,Sales,Supplies,9392.59,Cash
2024-10-21,Sales,Utilities,4353.55,Cash
2024-04-16,Sales,Supplies,19129.19,Wire
2024-06-16,Operations,Travel,10429.95,Wire
2024-03-22,HR,Meals,19020.58,Card
2024-01-12,Marketing,Training,11000.04,Wire
2024-10-20,HR,Supplies,3753.02,Wire
2024-03-18,IT,Meals,12258.18,Wire
2024-04-11,Finance,Utilities,11832.75,UPI
2024-10-26,Marketing,Training,10981.72,UPI
2024-03-17,Operations,Supplies,3010.28,UPI
2024-03-22,Operations,Software,14024.67,Wire
2024-07-27,Marketing,Travel,4531.06,UPI
2024-03-24,IT,Meals,9494.81,Cash
2024-10-30,Operations,Software,5666.5,Cash
2024-04-25,IT,Supplies,6582.3,Cash
2024-02-16,Sales,Software,18794.35,Cash
2024-03-31,Finance,Training,5835.28,UPI
2024-08-05,Sales,Meals,9321.56,UPI
2024-07-22,HR,Software,19582.81,Cash
2024-01-02,IT,Supplies,19779.74,Wire
2024-02-26,IT,Supplies,14642.64,Card
2024-02-27,Marketing,Supplies,18681.58,Cash
2024-06-05,Sales,Utilities,16925.24,UPI
2024-10-15,IT,Training,8928.93,Card
2024-11-24,IT,Training,13479.92,Cash
2024-09-21,IT,Meals,869.03,Card
2024-03-07,Marketing,Training,1570.76,Card
2024-06-12,Operations,Supplies,7049.8,Cash
2024-08-07,Marketing,Supplies,9487.39,Card
2024-07-28,Marketing,Supplies,1073.03,Wire
2024-08-02,Sales,Meals,8444.56,Cash
2024-04-15,HR,Meals,16572.69,Wire
2024-01-19,IT,Software,2490.37,Wire
2024-05-25,HR,Meals,6337.61,Card
2024-03-06,Marketing,Meals,5119.68,Cash
2024-12-18,Finance,Meals,2317.01,UPI
2024-04-03,Sales,Utilities,10241.45,Cash
2024-12-06,Finance,Software,17658.11,Card
2024-07-30,Sales,Software,1630.98,Card
2024-06-07,Sales,Software,5126.56,Card
2024-12-15,Marketing,Software,7707.39,Wire
2024-08-23,IT,Supplies,411.7,Card
2024-12-21,Operations,Travel,10024.28,Card
2024-07-05,Operations,Supplies,6365.23,Wire
2024-01-11,Finance,Utilities,3286.44,Card
2024-03-05,Sales,Software,1216.42,Card
2024-09-28,Marketing,Meals,7178.23,UPI
2024-12-27,Finance,Utilities,14415.15,Cash
2024-07-27,IT,Meals,5194.93,Cash
2024-08-14,Marketing,Training,4578.24,Wire
2024-03-25,Sales,Utilities,8227.0,Wire
2024-11-18,Operations,Travel,3061.4,Wire
2024-07-31,Sales,Travel,3237.67,UPI
2024-11-09,Operations,Travel,16123.22,Wire
2024-03-28,Operations,Travel,10312.64,Wire
2024-03-08,HR,Training,7241.32,Card
2024-02-09,Marketing,Utilities,13264.09,Wire
2024-03-06,Operations,Supplies,2731.42,Cash
2024-09-30,Finance,Utilities,8058.38,UPI
2024-08-24,Sales,Utilities,3235.26,Wire
2024-10-12,Marketing,Software,10055.58,Wire
2024-11-13,Finance,Utilities,1289.75,Cash
2024-04-16,Operations,Utilities,8090.34,UPI
2024-01-09,Operations,Utilities,10495.96,UPI
2024-10-06,HR,Utilities,3584.71,UPI
2024-10-16,Operations,Travel,9906.4,Cash
2024-11-30,Finance,Utilities,16313.82,Wire
2024-02-20,Sales,Training,5028.09,Wire
2024-06-15,Sales,Training,14797.11,Wire
2024-02-14,Marketing,Meals,5076.16,Cash
2024-10-10,Marketing,Software,9099.76,Wire
2024-01-27,IT,Training,19657.23,Wire
2024-12-02,Finance,Training,14186.1,Cash
2024-03-02,IT,Utilities,18787.25,Cash
2024-04-30,IT,Travel,18444.39,Cash
2024-10-03,Sales,Meals,5719.36,Wire
2024-04-24,HR,Utilities,7915.22,Cash
2024-01-13,Operations,Utilities,7863.93,Wire
2024-06-11,HR,Training,16098.73,Cash
2024-06-24,HR,Utilities,17469.65,Wire
2024-11-19,Marketing,Travel,7832.31,Card
2024-10-01,IT,Supplies,16900.89,Cash
2024-11-17,Marketing,Meals,2293.35,Cash
2024-11-26,Operations,Software,18285.58,Cash
2024-03-07,Marketing,Software,16056.03,UPI
2024-07-23,Operations,Utilities,12139.48,UPI
2024-06-26,Operations,Supplies,15875.56,UPI
2024-12-09,HR,Travel,10120.74,UPI
2024-07-20,HR,Utilities,2050.67,UPI
2024-09-18,Sales,Supplies,3412.26,UPI
2024-02-04,Marketing,Software,10708.86,UPI
2024-09-19,Sales,Software,6495.6,Cash
2024-10-05,Operations,Meals,10323.7,Card
2024-03-16,Operations,Meals,5136.05,Cash
2024-01-10,Marketing,Travel,14042.3,Wire
2024-10-06,Operations,Training,11341.24,Wire
2024-08-21,Marketing,Supplies,18062.02,Wire
2024-10-21,Sales,Meals,12905.18,Wire
2024-11-17,Operations,Meals,5554.83,Wire
2024-03-13,Operations,Supplies,5249.07,Card
2024-08-20,Operations,Travel,12085.01,Cash
2024-07-24,Sales,Training,1314.24,UPI
2024-02-13,IT,Utilities,4542.05,UPI
2024-11-11,IT,Training,7975.44,Card
2024-12-04,HR,Training,10398.67,Cash
2024-03-23,Sales,Travel,7881.45,Cash
2024-10-08,Marketing,Training,8600.06,Wire
2024-08-15,Operations,Supplies,11683.36,UPI
2024-06-23,IT,Meals,10362.12,Wire
2024-10-09,Sales,Software,10246.4,Cash
2024-02-19,Marketing,Meals,6649.01,Cash
2024-12-02,Operations,Supplies,1678.3,Wire
2024-10-02,Finance,Supplies,608.74,Card
2024-01-03,Marketing,Meals,9121.53,Cash
2024-08-11,HR,Supplies,6101.24,Card
2024-03-30,Sales,Supplies,5640.85,Wire
2024-02-04,Marketing,Supplies,8885.38,Card
2024-11-01,Finance,Meals,15390.15,Card
2024-01-03,Finance,Training,18024.65,Wire
2024-06-12,HR,Software,2467.22,Card
2024-09-13,HR,Supplies,16218.88,Wire
2024-04-25,Marketing,Training,14369.58,Wire
2024-05-21,Marketing,Meals,3617.66,UPI
2024-02-15,Operations,Software,18844.37,UPI
2024-08-25,Operations,Supplies,7178.17,UPI
2024-03-01,IT,Meals,2989.9,Cash
2024-03-26,Marketing,Supplies,17221.38,UPI
2024-08-17,Marketing,Supplies,8550.75,Card
2024-07-04,Finance,Training,9718.14,Wire
2024-12-22,IT,Meals,545.12,Cash
2024-11-02,IT,Supplies,5582.84,UPI
2024-12-21,Marketing,Utilities,12656.45,Card
2024-10-26,HR,Meals,15447.76,Cash
2024-10-11,HR,Training,10469.05,Wire
2024-09-17,HR,Training,5360.54,Wire
2024-07-15,Finance,Supplies,19330.32,Cash
2024-03-28,IT,Software,11183.04,Cash
2024-01-26,Operations,Software,3886.07,Card
2024-02-29,Finance,Utilities,9259.86,UPI
2024-03-15,Finance,Utilities,15013.6,UPI
2024-08-23,IT,Meals,6408.79,Cash
2024-08-16,Marketing,Training,14975.85,Wire
2024-01-18,HR,Utilities,14586.4,Card
2024-06-19,HR,Supplies,563.44,Wire
2024-09-11,Operations,Training,8028.06,UPI
2024-09-11,Operations,Supplies,385.03,Wire
2024-11-19,Sales,Training,9257.74,UPI
2024-08-10,Finance,Training,13743.69,Cash
2024-12-01,Marketing,Meals,13255.7,Cash
2024-11-15,Finance,Training,15890.64,Cash
2024-07-23,IT,Software,18634.18,Card
2024-11-27,Marketing,Supplies,7034.56,Card
2024-05-09,IT,Supplies,9938.77,Card
2024-02-13,Finance,Utilities,11589.12,Wire
2024-12-23,Marketing,Travel,5535.9,UPI
2024-11-13,Finance,Travel,19835.13,Wire
2024-09-28,IT,Utilities,12872.6,Wire
2024-07-19,HR,Software,238.25,Wire
2024-05-19,Sales,Meals,13209.89,Card
2024-11-17,Finance,Meals,7237.03,UPI
2024-01-08,Sales,Utilities,12754.29,Wire
2024-05-13,Operations,Software,15157.54,Cash
2024-12-20,Sales,Meals,9641.39,Wire
2024-04-22,Sales,Supplies,6908.26,UPI
2024-11-08,Marketing,Utilities,3867.11,Cash
2024-04-29,Operations,Software,15917.95,Cash
2024-07-28,IT,Meals,10842.96,Cash
2024-04-12,IT,Travel,890.63,Cash
2024-12-21,Marketing,Meals,7431.84,Cash
2024-11-09,Sales,Travel,8746.69,Cash
2024-12-13,Finance,Meals,2091.77,Wire
2024-04-14,Operations,Travel,1966.29,UPI
2024-01-27,Finance,Supplies,854.43,Card
2024-09-13,Marketing,Training,596.23,Wire
2024-05-16,Sales,Training,15307.38,Card
2024-11-17,Operations,Travel,954.74,Card
2024-09-21,IT,Meals,10377.81,Card
2024-06-14,HR,Utilities,17405.24,Card
2024-09-05,IT,Supplies,6683.32,Wire
2024-06-12,Finance,Training,4891.13,Cash
2024-07-19,IT,Travel,4160.18,UPI
2024-05-11,Operations,Travel,9434.59,UPI
2024-08-04,Marketing,Supplies,11285.69,Card
2024-07-20,Finance,Software,6235.3,Card
2024-05-14,IT,Supplies,12579.19,UPI
2024-07-14,HR,Utilities,511.57,Wire
2024-02-26,HR,Travel,2439.49,Cash
2024-05-21,Operations,Supplies,834.84,UPI
2024-08-11,Sales,Supplies,15590.58,Wire
2024-04-15,Sales,Software,17580.54,Cash
2024-03-11,Operations,Travel,12001.4,Wire
2024-03-07,Marketing,Utilities,10133.91,Cash
2024-12-27,IT,Travel,7189.49,UPI
2024-04-05,IT,Training,14486.77,Wire
2024-09-02,IT,Utilities,4128.52,Card
2024-06-05,Operations,Meals,15874.47,Card
2024-01-18,HR,Supplies,11582.42,UPI
2024-01-16,Marketing,Software,7414.85,Wire
2024-02-25,HR,Software,5133.66,Cash
2024-10-10,HR,Travel,3418.83,Wire
2024-04-15,Finance,Meals,18345.16,Wire
2024-04-09,IT,Software,496.01,UPI
2024-11-16,HR,Meals,15827.03,Cash
2024-03-26,IT,Travel,2543.24,Card
2024-12-01,Finance,Meals,17207.93,Card
2024-07-04,Marketing,Meals,8293.07,Cash
2024-04-15,IT,Travel,14262.82,Cash
2024-03-16,Operations,Software,15841.5,Card
2024-03-21,Operations,Training,1877.63,Cash
2024-07-01,Marketing,Software,11903.69,Card
2024-08-07,IT,Meals,12989.84,Cash
2024-12-07,Sales,Travel,10645.76,Wire
2024-05-19,Sales,Supplies,11564.44,UPI
2024-02-16,Finance,Utilities,19001.82,Card
2024-05-28,HR,Supplies,1754.84,Cash
2024-05-06,Finance,Software,6775.06,Card
2024-12-22,Marketing,Travel,7456.57,UPI
2024-09-18,Finance,Supplies,16159.13,UPI
2024-04-12,Sales,Software,299.5,Card
2024-05-21,Operations,Software,6834.83,Cash
2024-08-18,Sales,Supplies,18233.8,Card
2024-10-22,IT,Utilities,15415.27,UPI
2024-01-18,HR,Utilities,14301.33,UPI
2024-10-14,Sales,Utilities,3602.77,UPI
2024-08-02,HR,Utilities,1351.72,Cash
2024-10-15,HR,Software,14741.21,Wire
2024-06-06,Operations,Supplies,8572.95,Wire
2024-02-03,Operations,Training,11340.86,Cash
2024-08-01,Marketing,Utilities,18735.7,Wire
2024-10-22,Finance,Utilities,14339.81,Wire
2024-05-20,Sales,Utilities,17847.4,Card
2024-03-03,Finance,Utilities,11139.57,Cash
2024-10-30,Finance,Supplies,14397.55,Wire
2024-11-29,Finance,Supplies,19812.53,UPI
2024-10-10,Sales,Utilities,15015.88,UPI
2024-06-28,Marketing,Utilities,2184.78,Wire
2024-08-08,Operations,Training,13660.4,UPI
2024-01-28,Operations,Training,17271.75,UPI
2024-06-12,Finance,Travel,8403.3,Wire
2024-11-02,Sales,Travel,8342.8,Wire
2024-05-01,Sales,Supplies,18363.51,Cash
2024-09-06,HR,Software,18223.38,Cash
2024-05-23,Finance,Supplies,11680.47,Cash
2024-02-25,HR,Supplies,563.1,Cash
2024-06-14,Marketing,Travel,15133.78,Card
2024-06-06,HR,Training,9139.62,UPI
2024-03-18,HR,Utilities,2625.88,Card
2024-09-29,HR,Training,7469.23,Cash
2024-01-15,Marketing,Training,8791.92,Card
2024-06-08,Sales,Utilities,10955.76,UPI
2024-04-22,Finance,Training,12177.83,Cash
2024-09-09,Sales,Meals,12811.45,UPI
2024-12-12,Sales,Meals,2018.64,Wire
2024-06-04,Sales,Utilities,13013.92,Cash
2024-01-01,HR,Software,16737.54,Card
2024-04-17,Operations,Training,11441.98,Cash
2024-12-24,Sales,Supplies,4703.48,Card
2024-05-30,Operations,Utilities,19062.78,Wire
2024-08-05,Finance,Software,9561.31,Cash
2024-02-14,Sales,Training,1838.15,UPI
2024-08-27,IT,Supplies,15034.5,Card
2024-12-02,IT,Meals,4138.56,Cash
2024-10-14,Finance,Utilities,441.16,Cash
2024-04-25,HR,Training,1762.26,Cash
2024-11-30,IT,Utilities,8662.68,Card
2024-03-08,Marketing,Meals,5541.96,UPI
2024-10-10,Finance,Supplies,9511.62,Cash
2024-09-05,Marketing,Supplies,10346.09,Cash
2024-06-27,HR,Travel,7865.18,Cash
2024-12-05,HR,Training,15983.67,Cash
2024-07-30,Sales,Utilities,6505.69,Cash
2024-07-20,IT,Training,15182.76,Cash
2024-10-23,Finance,Utilities,4833.76,Wire
2024-12-03,IT,Utilities,11499.66,Wire
2024-05-13,Operations,Utilities,17178.21,Wire
2024-10-06,HR,Utilities,9937.45,Card
2024-04-26,Marketing,Software,14367.02,UPI
2024-11-12,Operations,Utilities,6213.92,Wire
2024-04-23,HR,Supplies,1519.23,Wire
2024-02-28,IT,Meals,19148.44,Card
2024-08-18,Sales,Meals,15051.83,Card
2024-07-17,HR,Meals,3887.65,Card
2024-02-04,Operations,Utilities,7917.55,Cash
2024-10-13,HR,Meals,12397.56,Card
2024-01-19,Finance,Software,7207.33,Wire
2024-12-05,Marketing,Training,13369.63,Card
2024-06-30,HR,Supplies,18214.51,UPI
2024-05-26,Sales,Software,12242.62,Wire
2024-06-11,HR,Software,6631.02,Wire
2024-02-16,HR,Software,861.68,Wire
2024-06-22,Operations,Meals,1776.9,UPI
2024-12-15,Marketing,Software,18967.83,Card
2024-01-29,Marketing,Training,18140.96,Card
2024-09-29,Sales,Supplies,17181.59,Card
2024-11-01,IT,Supplies,8822.22,UPI
2024-07-07,HR,Training,4499.38,Wire
2024-07-01,Operations,Utilities,14904.68,UPI
2024-02-06,Sales,Software,18306.0,Card
2024-05-02,HR,Travel,18680.83,Wire
2024-11-24,Operations,Training,18798.83,Wire
2024-03-23,Finance,Supplies,15306.39,Card
2024-02-17,Operations,Training,15306.79,Card
2024-01-22,Marketing,Software,14634.87,Wire
2024-10-28,Sales,Software,6786.6,Cash
2024-09-23,Marketing,Supplies,12567.03,Wire
2024-04-29,IT,Utilities,337.76,Card
2024-02-07,Operations,Utilities,8700.56,Card
2024-04-19,Marketing,Software,5352.19,Card
2024-05-15,Sales,Software,18739.67,UPI
2024-11-23,HR,Supplies,438.84,Card
2024-09-07,HR,Meals,3212.53,Cash
2024-12-26,Marketing,Travel,5725.89,Cash
2024-07-22,Finance,Travel,13147.24,Cash
2024-08-28,Finance,Meals,19516.28,Cash
2024-09-14,Operations,Meals,17923.1,Card
2024-10-08,Marketing,Supplies,7026.78,Card
2024-04-16,Operations,Travel,6361.63,UPI
2024-07-30,IT,Meals,11341.69,Wire
2024-01-08,HR,Meals,10480.69,Card
2024-03-21,Operations,Meals,2987.26,Cash
2024-03-07,IT,Supplies,6131.93,Card
2024-12-16,Sales,Software,15329.04,Cash
2024-07-05,IT,Training,2508.74,Wire
2024-02-08,Sales,Training,15191.58,Wire
2024-01-04,Marketing,Meals,17876.3,Card
2024-03-17,Finance,Utilities,9312.09,Card
2024-05-12,HR,Travel,9422.25,Cash
2024-10-02,Sales,Software,10593.69,Wire
2024-10-16,HR,Software,6952.14,Card
2024-05-05,Finance,Training,15548.78,UPI
2024-12-10,HR,Training,14609.73,Card
2024-07-01,HR,Travel,11747.26,Wire
2024-03-12,Marketing,Training,14115.26,UPI
2024-06-21,Operations,Travel,13145.83,UPI
2024-08-01,Finance,Supplies,17572.02,Card
2024-01-20,IT,Meals,10170.82,Wire
2024-10-29,Sales,Travel,16404.37,Card
2024-06-13,Marketing,Meals,4005.02,UPI
2024-01-06,Marketing,Travel,6213.67,UPI
2024-12-07,IT,Software,2754.28,Cash
2024-08-18,IT,Training,4212.61,Wire
2024-10-09,Sales,Meals,11650.11,UPI
2024-08-12,Sales,Training,18194.72,UPI
2024-12-01,IT,Travel,11227.65,Wire
2024-01-24,Operations,Supplies,10041.07,Cash
2024-05-21,Marketing,Supplies,8439.15,UPI
2024-03-21,Operations,Software,8451.63,Wire
2024-07-26,Operations,Travel,4581.28,UPI
2024-10-14,Marketing,Utilities,7565.5,Wire
2024-10-09,Marketing,Travel,16592.66,UPI
2024-04-06,IT,Travel,8441.97,Card
2024-09-29,IT,Travel,6191.32,Cash
2024-12-02,Operations,Software,10738.47,Card
2024-01-23,HR,Software,12427.63,Wire
2024-11-08,Finance,Utilities,4383.44,UPI
2024-05-27,Marketing,Software,4607.55,UPI
2024-01-23,Operations,Training,10335.66,Wire
2024-03-07,HR,Utilities,12739.58,UPI
2024-02-15,Sales,Meals,5405.04,UPI
2024-05-26,IT,Supplies,5840.15,Wire
2024-01-15,Operations,Meals,9943.91,Cash
2024-03-18,HR,Utilities,5200.86,Cash
2024-08-28,Marketing,Meals,2230.18,Cash
2024-10-03,Finance,Supplies,15134.79,Cash
2024-01-27,Sales,Travel,19809.41,Card
2024-10-21,Operations,Travel,12941.78,Card
2024-12-28,IT,Supplies,1644.77,Cash
2024-01-13,Finance,Travel,3080.73,Cash
2024-07-12,Marketing,Meals,16966.3,Cash
2024-08-17,Sales,Training,12990.09,Wire
2024-11-15,Marketing,Meals,19871.33,Cash
2024-07-02,IT,Travel,12554.12,Cash
2024-12-21,Marketing,Supplies,2641.45,Card
2024-09-16,Marketing,Travel,12579.3,Card
2024-12-09,Finance,Utilities,13052.02,Cash
2024-06-07,Finance,Software,11157.91,Card
2024-11-28,Sales,Travel,9492.2,Cash
2024-07-01,HR,Meals,17382.08,Card
2024-12-14,HR,Supplies,1608.87,Wire
2024-06-26,IT,Utilities,10481.75,Card
2024-10-07,HR,Meals,16932.62,Cash
2024-10-03,HR,Supplies,17796.13,Cash
2024-09-27,Finance,Supplies,9654.26,Card
2024-02-21,Operations,Supplies,9900.65,Card
2024-01-28,Marketing,Travel,8457.69,Cash
2024-09-08,Sales,Supplies,7451.58,UPI
2024-02-04,Sales,Supplies,18047.72,Wire
2024-09-05,Marketing,Training,9216.21,UPI
2024-05-19,IT,Software,8348.96,UPI
2024-10-04,Sales,Software,18326.44,UPI
2024-06-25,Operations,Utilities,8485.25,Card
2024-11-17,IT,Travel,10063.38,UPI
2024-08-01,Operations,Supplies,9344.32,Cash
2024-09-12,Finance,Travel,2970.4,Wire
2024-07-16,Operations,Utilities,8603.05,Cash
2024-01-15,IT,Software,15300.52,Cash
2024-03-15,Marketing,Utilities,12607.54,Wire
2024-06-16,Finance,Utilities,9036.48,Cash
2024-02-08,Operations,Training,10863.95,UPI
2024-09-29,Marketing,Utilities,7644.01,Cash
2024-08-19,IT,Meals,6795.09,UPI
2024-10-17,HR,Meals,17012.82,Wire
2024-02-05,Operations,Software,465.77,UPI
2024-12-26,HR,Meals,3914.7,Card
2024-03-05,Sales,Training,567.7,Card
2024-01-08,Finance,Utilities,1897.87,UPI
2024-12-06,HR,Software,18599.76,Wire
2024-06-29,Operations,Software,19718.98,Wire
2024-06-03,HR,Software,4188.94,Card
2024-04-24,Sales,Utilities,14387.76,Wire
2024-10-25,HR,Travel,3607.58,Card
2024-02-20,Operations,Software,6564.96,Card
2024-08-31,HR,Meals,4262.62,Cash
2024-05-18,HR,Utilities,12962.35,Card
2024-08-26,Sales,Training,763.46,Card
2024-02-18,Sales,Travel,6758.03,Cash
2024-03-12,HR,Software,17965.42,Card
2024-08-09,Operations,Meals,18145.81,Card
2024-06-05,Finance,Software,12525.81,Wire
2024-08-16,Sales,Meals,3492.97,UPI
2024-01-29,Sales,Supplies,2006.65,Wire
2024-01-23,IT,Utilities,5802.36,Wire
2024-12-22,HR,Software,19307.63,Card
2024-06-21,HR,Utilities,17385.7,Cash
2024-10-11,Operations,Travel,9565.02,Cash
2024-09-07,Operations,Utilities,12223.14,Wire
2024-11-16,IT,Meals,5382.71,Card
2024-06-28,Sales,Training,7779.33,Wire
2024-03-12,Sales,Software,17238.13,Wire
2024-05-02,Finance,Meals,9144.49,Card
2024-10-27,Operations,Utilities,1860.15,UPI
2024-09-09,Marketing,Training,6786.93,Wire
2024-03-05,IT,Travel,535.04,Card
2024-04-15,IT,Meals,4437.34,UPI
2024-10-26,Marketing,Meals,6860.93,Card
2024-05-26,Operations,Training,5480.73,Wire
2024-06-07,Finance,Travel,2769.29,Wire
2024-07-20,Operations,Software,15789.05,Card
2024-01-13,Sales,Meals,16813.17,Card
2024-11-17,Operations,Utilities,14040.74,Wire
2024-10-06,Operations,Training,1001.66,UPI
2024-12-27,IT,Meals,18464.23,Card
2024-01-09,Sales,Meals,432.95,Card
2024-11-07,Marketing,Training,17911.56,Card
2024-08-25,Sales,Software,17493.01,Wire
2024-08-22,Finance,Meals,5567.05,Cash
2024-01-13,HR,Supplies,13666.17,UPI
2024-02-14,Finance,Training,18858.22,Wire
2024-11-21,HR,Training,1951.06,UPI
2024-08-23,Finance,Software,9527.44,Wire
2024-04-14,Sales,Meals,1269.19,Card
2024-04-03,Operations,Travel,7807.04,Wire
2024-10-24,Sales,Supplies,15626.06,Cash
2024-05-12,Operations,Meals,10036.05,Wire
2024-01-28,IT,Supplies,9708.69,UPI
2024-04-25,Operations,Software,1161.62,UPI
2024-01-01,IT,Training,16048.14,Card
2024-08-27,Marketing,Supplies,8308.47,Cash
2024-11-30,Operations,Utilities,9226.16,Cash
2024-01-26,Marketing,Supplies,16612.81,UPI
2024-03-17,Sales,Software,19830.35,Wire
2024-11-23,Marketing,Travel,8671.82,UPI
2024-01-23,Operations,Supplies,19119.25,Card
2024-07-24,Operations,Travel,3045.09,Cash
2024-09-23,Marketing,Utilities,13219.85,Wire
2024-09-23,Finance,Meals,6468.61,Wire
2024-09-24,Sales,Software,7209.59,Wire
2024-02-22,IT,Supplies,19569.74,Wire
2024-02-05,Operations,Travel,10974.81,UPI
2024-08-07,HR,Meals,1100.63,Card
2024-09-19,Marketing,Training,14821.98,Wire
2024-05-18,Operations,Supplies,16448.42,Card
2024-10-12,Operations,Travel,19958.72,Cash
2024-11-17,Finance,Meals,14326.55,Wire
2024-10-23,Operations,Supplies,18179.09,UPI
2024-12-16,Marketing,Software,18183.52,Cash
2024-12-11,Marketing,Software,8464.27,UPI
2024-03-22,HR,Supplies,5768.95,UPI
2024-07-31,IT,Travel,4017.5,UPI
2024-11-04,Operations,Training,14243.59,Cash
2024-12-28,IT,Travel,8656.71,Card
2024-04-17,HR,Travel,1790.67,Cash
2024-02-02,Sales,Supplies,3978.03,Cash
2024-02-23,IT,Supplies,16050.2,Card
2024-03-18,Finance,Meals,8565.08,UPI
2024-12-23,Operations,Travel,4154.62,Wire
2024-12-24,Operations,Travel,1380.59,Wire
2024-07-11,HR,Training,4808.06,Cash
2024-08-31,IT,Software,17474.82,Wire
2024-11-11,Marketing,Supplies,11683.25,Cash
2024-10-12,Sales,Software,13941.04,Card
2024-04-20,Finance,Meals,3109.82,Card
2024-10-07,Sales,Travel,5151.12,Cash
2024-05-13,Finance,Utilities,15654.31,Card
2024-12-08,HR,Travel,17204.52,Cash
2024-11-09,Sales,Supplies,11399.77,Card
2024-04-03,Sales,Training,9218.33,UPI
2024-06-12,Operations,Software,18120.55,Wire
2024-04-07,Finance,Training,17494.77,UPI
2024-03-18,HR,Travel,18562.97,Wire
2024-09-26,IT,Travel,9943.22,Cash
2024-03-08,Sales,Training,4184.76,Cash
2024-06-16,Sales,Supplies,9512.88,Wire
2024-01-25,Finance,Meals,1632.5,Cash
2024-04-11,IT,Meals,13124.64,Card
2024-10-22,HR,Supplies,2187.28,Card
2024-09-19,IT,Travel,17626.6,UPI
2024-04-29,Operations,Training,1339.92,UPI
2024-10-17,IT,Software,17380.57,Card
2024-06-09,Sales,Training,6741.54,UPI
2024-01-28,Operations,Supplies,7451.81,UPI
2024-10-20,Operations,Software,16199.94,Cash
2024-04-01,Marketing,Meals,19417.88,Wire
2024-01-06,Finance,Software,10163.92,Wire
2024-09-27,Sales,Supplies,2798.07,Cash
2024-10-25,Finance,Software,9971.31,Cash
2024-01-14,Marketing,Supplies,1249.91,Card
2024-06-02,IT,Utilities,15950.15,UPI
2024-09-14,Marketing,Utilities,15813.92,Card
2024-01-10,IT,Meals,5233.51,UPI
2024-08-20,HR,Travel,7059.37,Card
2024-01-15,IT,Meals,4044.22,Card
2024-05-05,IT,Travel,3025.89,UPI
2024-07-31,Finance,Supplies,17392.81,Card
2024-09-03,Operations,Supplies,17750.25,Wire
2024-07-19,Marketing,Software,16224.99,UPI
2024-05-28,HR,Software,10998.18,Card
2024-08-13,HR,Software,14960.96,UPI
2024-06-17,Marketing,Supplies,8119.25,Cash
2024-05-31,IT,Travel,12598.35,Cash
2024-08-12,Finance,Training,19391.13,Cash
2024-07-03,Finance,Meals,3345.28,Cash
2024-08-28,Operations,Software,19464.95,Wire
2024-12-16,Marketing,Training,16392.35,Card
2024-05-03,Finance,Travel,11893.68,UPI
2024-02-09,Sales,Utilities,3248.69,Card
2024-06-23,HR,Utilities,11345.42,UPI
2024-04-18,Finance,Meals,1633.96,Wire
2024-11-19,Marketing,Travel,18772.16,UPI
2024-02-05,Finance,Travel,11166.04,UPI
2024-01-28,Sales,Meals,1828.22,Wire
2024-07-25,Sales,Travel,12926.49,Cash
2024-12-24,HR,Supplies,9074.89,Cash
2024-08-15,Finance,Travel,14965.62,Card
2024-11-04,HR,Training,15662.71,UPI
2024-02-07,Operations,Travel,7053.0,Wire
2024-07-05,Finance,Utilities,16805.41,Card
2024-04-23,Sales,Travel,7652.49,Wire
2024-03-08,Marketing,Software,3224.46,Cash
2024-06-21,Finance,Software,19987.43,Wire
2024-09-23,HR,Software,19801.62,Card
2024-08-01,Finance,Training,7391.15,Cash
2024-01-26,Marketing,Travel,9227.73,UPI
2024-07-07,Marketing,Meals,13936.08,Wire
2024-08-17,Sales,Meals,12544.08,Cash
2024-09-18,Marketing,Meals,19462.56,Card
2024-05-15,Sales,Utilities,5450.09,Wire
2024-04-29,Finance,Utilities,18911.74,Cash
2024-01-25,IT,Software,220.24,Wire
2024-01-12,Sales,Utilities,19059.33,Cash
2024-04-18,Operations,Meals,17634.86,Cash
2024-09-22,IT,Meals,16325.5,Wire
2024-11-28,HR,Training,3068.09,Card
2024-04-11,Operations,Utilities,600.68,UPI
2024-05-16,Marketing,Training,8607.7,Card
2024-05-21,Operations,Utilities,605.74,UPI
2024-11-23,HR,Supplies,18246.79,Wire
2024-02-23,Operations,Software,13981.49,UPI
2024-04-20,Operations,Supplies,3746.56,Wire
2024-12-17,Marketing,Training,16010.22,Wire
2024-10-16,Operations,Software,8833.62,Cash
2024-06-23,IT,Meals,16842.96,Card
2024-07-03,Operations,Meals,2817.79,Wire
2024-11-02,HR,Training,9343.05,Card
2024-12-11,Finance,Meals,6034.05,Card
2024-06-04,IT,Meals,10074.86,Card
2024-09-05,IT,Supplies,5179.96,Card
2024-01-07,Marketing,Software,15435.81,Cash
2024-06-19,HR,Travel,1830.37,Cash
2024-12-28,IT,Travel,2253.86,Cash
2024-06-18,Operations,Training,16328.16,Card
2024-01-13,Marketing,Supplies,6572.56,UPI
2024-10-24,HR,Travel,706.46,UPI
2024-07-30,Marketing,Meals,12082.78,Wire
2024-01-03,IT,Utilities,12320.89,Wire
2024-11-30,Sales,Training,10287.76,UPI
2024-04-07,Marketing,Software,11884.31,Cash
2024-10-05,Sales,Utilities,894.29,Wire
2024-04-22,Sales,Utilities,4461.37,Card
2024-11-05,Marketing,Travel,14834.67,Cash
2024-02-29,HR,Supplies,15377.83,Cash
2024-08-20,Marketing,Meals,17657.91,Card
2024-07-26,HR,Meals,1530.51,Card
2024-11-06,IT,Utilities,16197.05,Cash
2024-06-25,Sales,Travel,6674.16,Cash
2024-03-13,Finance,Meals,15649.13,Cash
2024-08-12,Sales,Supplies,9983.69,Cash
2024-01-09,Finance,Meals,10975.16,Wire
2024-06-21,Finance,Software,14177.55,UPI
2024-10-22,Marketing,Software,12062.55,Cash
2024-01-27,Marketing,Training,17496.48,UPI
2024-07-21,Operations,Software,2705.93,UPI
2024-01-30,Sales,Meals,15332.06,Wire
2024-07-08,IT,Training,1605.93,Wire
2024-01-30,Marketing,Training,809.51,Cash
2024-12-06,Marketing,Software,11564.22,Cash
2024-12-25,HR,Meals,19071.6,UPI
2024-06-28,Finance,Meals,6187.2,Wire
2024-08-17,HR,Training,8671.24,Cash
2024-05-24,HR,Utilities,262.85,UPI
2024-05-25,Marketing,Software,11340.55,Cash
2024-11-11,HR,Travel,2270.18,Wire
2024-07-21,Finance,Software,1514.93,UPI
2024-04-22,IT,Travel,15392.11,Cash
2024-11-09,Sales,Utilities,8307.52,Cash
2024-01-23,HR,Software,9992.88,UPI
2024-12-04,Sales,Training,3353.8,Wire
2024-11-13,Finance,Meals,2720.39,UPI
2024-12-21,IT,Utilities,10295.82,Wire
2024-01-27,Sales,Training,14258.58,Wire
2024-10-15,Finance,Travel,6333.34,Card
2024-12-17,IT,Utilities,6823.52,Cash
2024-08-14,IT,Software,3969.59,Cash
2024-10-20,IT,Supplies,10518.75,Wire
2024-02-10,Operations,Utilities,14161.24,Wire
2024-07-09,IT,Utilities,8794.61,Cash
2024-10-04,Operations,Training,11887.92,Cash
2024-05-21,Marketing,Training,9305.05,Wire
2024-04-07,Sales,Software,7214.46,UPI
2024-10-03,Sales,Travel,5576.59,UPI
2024-02-12,IT,Meals,19534.36,Wire
2024-02-15,Finance,Utilities,17151.69,Card
2024-07-16,Finance,Supplies,16509.74,Wire
2024-06-09,HR,Supplies,7701.18,Cash
2024-01-08,HR,Utilities,9551.16,Card
2024-02-21,HR,Travel,10689.54,UPI
2024-10-26,Sales,Supplies,1685.44,UPI
2024-02-07,Marketing,Training,4654.01,Wire
2024-08-18,Sales,Utilities,9741.09,Wire
2024-03-08,Marketing,Travel,12591.76,Cash
2024-07-04,Sales,Supplies,5229.62,Card
2024-01-13,Marketing,Training,14063.73,Cash
2024-08-07,HR,Software,3840.69,UPI
2024-12-21,Marketing,Software,2003.11,Cash
2024-02-05,Marketing,Training,11363.31,UPI
2024-07-11,Marketing,Training,18242.87,Cash
2024-02-01,HR,Software,4313.44,Cash
2024-12-16,Operations,Software,17449.5,Wire
2024-02-16,Finance,Travel,6265.62,Cash
2024-11-06,Operations,Utilities,10823.78,UPI
2024-03-03,HR,Software,5276.83,Card
2024-04-10,Sales,Travel,11963.61,Cash
2024-04-01,Sales,Travel,10323.66,Card
2024-08-03,Marketing,Supplies,4401.17,Wire
2024-11-15,Marketing,Training,18676.09,UPI
2024-07-14,IT,Meals,328.6,Wire
2024-03-30,Finance,Utilities,12372.46,Card
2024-07-26,IT,Software,670.78,Cash
2024-09-19,IT,Travel,13141.34,Card
2024-12-07,Sales,Supplies,10599.0,UPI
2024-03-04,Sales,Utilities,9876.88,Wire
2024-11-07,Finance,Meals,11190.64,Cash
2024-09-12,IT,Travel,8222.12,Cash
2024-01-16,IT,Utilities,7492.55,UPI
2024-08-31,IT,Training,19196.9,Cash
2024-04-14,Operations,Supplies,18655.63,UPI
2024-10-13,Sales,Software,15066.07,Card
2024-02-16,Sales,Utilities,3524.48,Wire
2024-11-01,HR,Software,17907.2,Card
2024-07-18,Finance,Supplies,5274.6,Wire
2024-01-28,IT,Utilities,5957.68,Cash
2024-10-04,Sales,Utilities,17850.79,Card
2024-05-26,IT,Supplies,9284.38,Cash
2024-11-10,HR,Training,13651.99,Cash
2024-06-15,IT,Supplies,16573.59,Card
2024-08-26,Marketing,Software,17916.03,UPI
2024-09-08,Sales,Meals,7770.82,Wire
2024-06-28,Finance,Software,3780.21,Cash
2024-07-25,Operations,Software,10868.62,Cash
2024-01-26,Sales,Utilities,14666.61,UPI
2024-12-11,HR,Software,14353.25,Card
2024-01-17,Marketing,Supplies,17664.55,Wire
2024-09-14,IT,Training,14299.94,Wire
2024-01-27,Marketing,Utilities,2955.92,Card
2024-06-24,Sales,Training,5328.98,UPI
2024-04-27,HR,Travel,14150.8,Wire
2024-01-23,IT,Travel,9343.21,Wire
2024-03-13,Finance,Training,4457.45,Cash
2024-12-14,Marketing,Supplies,1656.3,Cash
2024-07-17,Operations,Meals,476.84,Wire
2024-09-19,Operations,Software,8855.06,UPI
2024-03-24,Operations,Training,11436.22,UPI
2024-10-22,Operations,Software,5848.5,Wire
2024-10-07,HR,Utilities,494.41,Card
2024-12-24,HR,Meals,3032.6,Cash
2024-08-28,Marketing,Software,8901.07,UPI
2024-12-07,IT,Training,7876.59,Cash
2024-09-20,Operations,Utilities,1609.89,UPI
2024-05-25,Operations,Meals,6309.62,Card
2024-11-11,Operations,Meals,14563.16,Card
2024-12-27,IT,Supplies,2739.88,UPI
2024-12-12,Operations,Supplies,4021.7,UPI
2024-04-12,IT,Utilities,17594.64,Wire
2024-11-07,Operations,Meals,19363.63,Wire
2024-08-07,Marketing,Utilities,14942.23,Card
2024-08-04,IT,Supplies,2833.37,UPI
2024-02-05,Sales,Utilities,8972.9,UPI
2024-09-13,Marketing,Training,5420.77,UPI
2024-11-13,Sales,Software,2105.68,Card
2024-03-09,Finance,Utilities,16688.95,UPI
2024-06-10,Marketing,Supplies,14611.12,Card
2024-12-12,IT,Utilities,15045.11,UPI
2024-06-26,Sales,Utilities,17978.09,Wire
2024-02-25,Operations,Supplies,943.61,Wire
2024-07-24,HR,Utilities,19013.58,UPI
2024-08-26,IT,Software,7442.28,UPI
2024-03-22,Sales,Meals,13639.76,Cash
2024-07-11,Operations,Travel,2078.44,Wire
2024-10-02,IT,Software,17778.8,Cash
2024-05-02,Finance,Supplies,17054.91,UPI
2024-02-09,HR,Software,10584.1,UPI
2024-10-15,IT,Training,12753.22,Wire
2024-05-16,Sales,Meals,695.3,Cash
2024-12-19,HR,Utilities,15179.74,Wire
2024-10-25,IT,Travel,16011.11,Wire
2024-09-25,HR,Software,15567.81,UPI
2024-05-18,Finance,Supplies,3073.19,Card
2024-01-17,Finance,Meals,4064.46,Cash
2024-07-08,Finance,Travel,12304.08,UPI
2024-12-18,Finance,Training,4733.95,UPI
2024-09-20,Sales,Travel,1766.76,Wire
2024-04-13,Sales,Travel,11676.3,Cash
2024-10-26,Finance,Travel,16671.38,UPI
2024-06-17,IT,Utilities,10406.85,UPI
2024-09-12,Operations,Software,8643.59,Card
2024-07-20,Sales,Supplies,11243.74,UPI
2024-06-05,IT,Meals,5840.45,Card
2024-10-12,Sales,Travel,805.99,UPI
2024-08-25,Sales,Supplies,10072.94,Wire
2024-03-25,Sales,Training,14255.93,Cash
2024-12-25,Sales,Travel,18703.83,UPI
2024-12-26,HR,Travel,14159.68,Cash
2024-06-25,Sales,Software,15946.68,Card
2024-03-21,Sales,Software,11833.72,Card
2024-11-21,Sales,Supplies,9752.54,UPI
2024-02-28,Finance,Travel,19992.79,Card
2024-08-27,Marketing,Meals,14026.6,Wire
2024-10-19,IT,Training,243.25,Wire
2024-04-08,HR,Supplies,4435.89,Card
2024-09-18,Finance,Travel,13425.15,Wire
2024-07-07,Marketing,Software,15028.57,Wire
2024-11-28,Sales,Utilities,8961.69,Wire
2024-02-15,IT,Software,19189.07,Cash
2024-03-04,IT,Meals,9738.77,Card
2024-01-09,Marketing,Software,14193.95,Wire
2024-10-24,IT,Meals,12725.35,UPI
2024-03-13,Finance,Software,374.53,Wire
2024-01-21,HR,Training,17283.21,Card
2024-06-05,Operations,Supplies,15775.72,Cash
2024-03-01,IT,Utilities,7661.75,Wire
2024-06-16,Sales,Software,2787.83,Card
2024-09-01,Sales,Meals,4084.38,UPI
2024-05-01,HR,Meals,8288.05,Card
2024-04-12,Marketing,Meals,567.46,Card
2024-09-17,HR,Training,2119.64,Wire
2024-03-10,Finance,Utilities,10608.58,Card
2024-01-11,Marketing,Utilities,18858.4,Cash
2024-06-15,HR,Utilities,13226.1,Cash
2024-01-31,HR,Training,5967.2,UPI
2024-04-17,Operations,Software,6158.86,Cash
2024-11-18,HR,Software,11999.35,Wire
2024-05-12,HR,Travel,6560.57,Wire
2024-10-07,Operations,Meals,2535.98,Card
2024-10-04,Operations,Meals,5241.26,UPI
2024-07-21,HR,Supplies,12782.05,Card
2024-08-10,Sales,Training,14066.07,Card
2024-07-10,Finance,Software,8708.96,UPI
2024-01-04,Finance,Supplies,1293.31,Cash
2024-01-20,Marketing,Supplies,2745.83,Cash
2024-03-20,IT,Utilities,13172.41,Cash
2024-01-25,Operations,Travel,707.52,UPI
2024-02-28,HR,Supplies,3848.14,UPI
2024-02-07,Sales,Software,10580.31,UPI
2024-09-26,Sales,Supplies,4153.04,Wire
2024-01-03,Operations,Supplies,19241.0,Cash
2024-01-16,Sales,Travel,19334.9,Cash
2024-08-26,IT,Utilities,11425.53,Card
2024-05-13,Operations,Training,13087.4,Wire
2024-11-23,HR,Supplies,17121.23,Card
2024-05-08,Finance,Supplies,16021.65,Cash
2024-08-28,Finance,Travel,5973.22,UPI
2024-08-09,Sales,Training,2123.86,Cash
2024-03-20,HR,Training,11830.82,UPI
2024-11-01,Marketing,Supplies,13565.92,Card
2024-10-29,IT,Supplies,1261.84,Card
2024-02-19,Finance,Meals,9966.22,Card
2024-01-14,Operations,Training,12592.0,Cash
2024-08-19,IT,Training,9096.06,Cash
2024-07-21,HR,Supplies,2271.83,Card
2024-12-17,Finance,Software,10313.68,Card
2024-10-01,Sales,Supplies,12200.97,UPI
2024-06-10,IT,Meals,9314.68,Wire
2024-07-22,Sales,Software,2341.29,Card
2024-01-17,Marketing,Travel,8762.46,Card
2024-07-28,Sales,Utilities,965.96,Cash
2024-03-18,Finance,Software,16950.87,Card
2024-11-01,Finance,Meals,1503.67,Wire
2024-07-26,IT,Software,19986.73,Wire
2024-05-14,IT,Training,5761.49,Wire
2024-01-10,IT,Software,14843.81,UPI
2024-03-23,IT,Training,16704.08,Wire
2024-05-11,Operations,Training,1812.27,Wire
2024-01-18,Sales,Training,1799.43,Wire
2024-10-20,Sales,Travel,12084.01,Card
2024-06-20,Finance,Training,15167.17,UPI
2024-04-29,Operations,Travel,5833.9,Wire
2024-03-06,HR,Software,14685.84,UPI
2024-07-07,Operations,Travel,3669.01,UPI
2024-04-07,HR,Supplies,16722.19,Cash
2024-09-02,Sales,Software,9734.48,Card
2024-08-23,HR,Training,3227.16,Card
2024-08-28,Marketing,Meals,9993.44,Wire
2024-12-03,Sales,Supplies,2731.51,Cash
2024-11-08,Sales,Software,16047.14,UPI
2024-03-19,HR,Software,11857.44,Wire
2024-06-28,Marketing,Software,13193.55,UPI
2024-09-16,Sales,Software,8353.28,Card
2024-04-17,HR,Travel,13022.19,Card
2024-04-26,Sales,Utilities,16874.89,Cash
2024-11-26,Operations,Meals,3764.36,Cash
2024-01-13,Operations,Software,13096.13,Wire
2024-10-07,Marketing,Software,17824.28,Cash
2024-04-24,IT,Meals,1719.2,UPI
2024-12-03,IT,Training,1392.36,Wire
2024-09-08,Finance,Software,12262.61,Cash
2024-05-21,Operations,Meals,9409.45,Card
2024-01-02,Operations,Training,11979.34,Card
2024-03-22,Finance,Travel,399.46,Card
2024-11-28,Marketing,Utilities,8406.07,UPI
2024-02-04,Finance,Travel,18479.53,Card
2024-04-06,Marketing,Training,11626.13,UPI
2024-04-09,Finance,Software,17299.74,Wire
2024-02-24,Operations,Training,6075.01,Wire
2024-11-10,Operations,Training,8532.7,UPI
2024-04-02,Operations,Meals,4002.43,Cash
2024-12-06,IT,Training,11910.32,Cash
2024-08-27,HR,Software,710.98,Wire
2024-02-14,IT,Travel,12521.84,Cash
2024-01-09,Sales,Software,6358.63,UPI
2024-11-26,Marketing,Utilities,6921.98,Wire
2024-07-13,Marketing,Utilities,16550.02,UPI
2024-05-01,Sales,Supplies,4605.92,Card
2024-11-26,Finance,Training,7131.41,Wire
2024-08-11,Operations,Software,4623.57,Card
2024-04-01,Finance,Travel,845.96,UPI
2024-12-13,Finance,Supplies,18529.66,Card
2024-07-15,HR,Training,14107.44,Card
2024-08-15,HR,Supplies,13287.81,Wire
2024-11-28,IT,Training,10568.71,UPI
2024-10-02,Sales,Travel,17961.54,Cash
2024-03-15,Sales,Travel,17850.81,UPI
2024-10-14,Marketing,Software,3160.27,Cash
2024-06-14,Sales,Software,13218.39,Card
2024-11-25,Marketing,Software,2981.85,Cash
2024-12-02,Finance,Utilities,18941.96,Wire
2024-04-05,Operations,Training,252.83,UPI
2024-09-06,HR,Meals,18763.01,UPI
2024-11-03,Marketing,Utilities,6475.88,UPI
2024-11-29,IT,Supplies,11472.84,UPI
2024-11-21,IT,Supplies,15223.72,Card
2024-10-03,Finance,Software,17598.21,Wire
2024-03-01,Operations,Meals,8124.65,UPI
2024-04-04,HR,Utilities,4434.01,Wire
2024-09-16,Finance,Training,2788.39,UPI
2024-07-04,Operations,Travel,17427.09,Card
2024-03-09,IT,Supplies,16067.17,Card
2024-04-24,Sales,Software,12369.93,Card
2024-09-21,Finance,Utilities,3663.93,UPI
2024-09-05,HR,Utilities,17434.13,Wire
2024-08-11,HR,Training,15150.6,UPI
2024-09-27,Operations,Travel,10453.34,Card
2024-10-21,Sales,Training,11368.88,Wire
2024-07-29,Marketing,Travel,18366.86,UPI
2024-12-02,Finance,Software,11906.61,Wire
2024-05-06,HR,Supplies,4602.59,Wire
2024-11-26,HR,Travel,18983.39,UPI
2024-04-16,Operations,Travel,17419.87,UPI
2024-03-02,Sales,Software,13585.91,Wire
2024-06-01,HR,Training,2023.53,Card
2024-07-04,HR,Software,13579.79,Card
2024-06-26,Operations,Supplies,8026.03,Card
2024-09-22,Operations,Supplies,17240.91,UPI
2024-09-10,IT,Software,13474.23,Cash
2024-12-17,Finance,Travel,17862.2,Cash
2024-01-13,Marketing,Travel,19069.72,Card
2024-02-19,IT,Software,1200.3,Wire
2024-05-11,Finance,Utilities,18156.08,Card
2024-09-08,Finance,Travel,14183.02,Wire
2024-02-22,Sales,Travel,11416.04,Card
2024-07-11,Operations,Meals,9425.69,UPI
2024-04-06,Marketing,Training,16656.32,Cash
2024-05-26,Finance,Supplies,9887.95,UPI
2024-03-05,Operations,Travel,248.6,Cash
2024-04-18,IT,Travel,8476.37,Cash
2024-01-12,IT,Travel,16015.68,Card
2024-08-07,Sales,Software,5493.13,Wire
2024-10-12,Finance,Meals,5241.61,UPI
2024-08-23,IT,Training,15551.25,Cash
2024-07-05,IT,Meals,17765.94,Card
2024-11-14,Finance,Software,2622.3,UPI
2024-04-14,Sales,Utilities,7493.82,Cash
2024-02-10,HR,Training,6361.11,Card
2024-06-13,Marketing,Meals,7851.03,Cash
2024-11-30,HR,Meals,3534.03,Card
2024-12-18,Marketing,Software,657.09,Wire
2024-12-17,Operations,Training,13161.51,UPI
2024-07-28,Operations,Utilities,2816.44,Wire
2024-11-25,HR,Supplies,9096.99,UPI
2024-01-05,Marketing,Meals,7571.14,Card
2024-05-24,Sales,Software,15148.58,Card
2024-12-13,Marketing,Supplies,17252.74,Cash
2024-10-04,Finance,Travel,1161.3,Cash
2024-01-15,Sales,Travel,2003.47,Wire
2024-06-01,Sales,Supplies,1820.86,Cash
2024-12-23,Operations,Meals,4644.56,UPI
2024-04-22,IT,Supplies,5499.8,Wire
2024-03-23,HR,Software,19278.28,Cash
2024-08-13,Marketing,Utilities,6144.5,UPI
2024-10-16,Marketing,Supplies,8282.79,Wire
2024-09-21,Marketing,Travel,14917.32,UPI
2024-11-28,Sales,Software,16419.46,Card
2024-07-25,Operations,Travel,7756.1,Cash
2024-09-21,Finance,Meals,7741.53,Wire
2024-09-02,Sales,Software,7962.18,Wire
2024-09-15,Marketing,Software,11288.08,UPI
2024-01-23,HR,Supplies,13004.12,UPI
2024-12-26,Marketing,Utilities,14742.47,Wire
2024-05-21,Marketing,Meals,6779.74,Card
2024-09-27,Finance,Supplies,6427.45,UPI
2024-04-19,HR,Travel,16560.13,Wire
2024-07-08,Operations,Supplies,1382.28,Cash
2024-03-08,Sales,Supplies,5596.44,Wire
2024-01-06,Operations,Supplies,7189.88,Card
2024-01-31,HR,Travel,14735.67,Cash
2024-07-25,Marketing,Meals,8315.71,UPI
2024-11-25,IT,Meals,17975.72,UPI
2024-12-01,Finance,Travel,9442.86,Wire
2024-10-15,IT,Supplies,801.87,Card
2024-05-19,Sales,Meals,11476.34,UPI
2024-01-13,IT,Software,16351.04,Card
2024-11-08,HR,Utilities,10670.34,Cash
2024-04-18,HR,Utilities,8898.2,UPI
2024-12-21,IT,Software,19139.77,Cash
2024-07-22,Operations,Meals,7547.08,Cash
2024-02-29,HR,Training,888.05,Cash
2024-12-28,HR,Software,14504.73,Wire
2024-03-13,IT,Training,8103.0,Card
2024-07-04,Operations,Training,10265.27,Card
2024-03-05,HR,Meals,15557.96,UPI
2024-02-25,Marketing,Travel,14899.93,Card
2024-07-08,Marketing,Training,18814.41,UPI
2024-07-09,HR,Meals,3412.15,Cash
2024-09-14,IT,Supplies,5268.5,Cash
2024-03-30,Sales,Software,13825.85,Card
2024-01-10,HR,Travel,15764.79,Wire
2024-11-21,Finance,Travel,18851.09,UPI
2024-04-22,IT,Training,4248.22,Wire
2024-03-18,Finance,Training,600.31,UPI
2024-10-31,IT,Utilities,9491.79,Cash
2024-06-20,HR,Training,481.72,Card
2024-10-13,IT,Utilities,17114.5,UPI
2024-05-28,Finance,Supplies,3408.04,Wire
2024-10-25,IT,Utilities,7483.08,UPI
2024-04-23,Sales,Training,4943.98,Card
2024-07-25,Finance,Utilities,3733.98,Wire
2024-08-29,Finance,Meals,13321.9,Card
2024-06-12,HR,Travel,5193.46,Cash
2024-09-27,Sales,Utilities,18063.45,UPI
2024-12-17,Sales,Utilities,10070.59,UPI
2024-04-11,Marketing,Meals,10772.34,Wire
2024-12-02,Sales,Software,4333.17,Card
2024-04-21,Marketing,Supplies,12593.47,UPI
2024-09-27,Finance,Meals,12525.21,UPI
2024-07-01,IT,Utilities,18883.95,Cash
2024-01-10,Finance,Supplies,11321.29,Cash
2024-10-24,Finance,Supplies,11179.35,Cash
2024-12-16,Operations,Supplies,5745.05,Cash
2024-05-23,HR,Meals,12914.16,Cash
2024-08-26,IT,Training,6643.02,Wire
2024-09-02,IT,Travel,7775.26,Wire
2024-05-31,Marketing,Training,19805.8,UPI
2024-06-06,Finance,Meals,18394.27,Cash
2024-02-24,Operations,Supplies,12873.79,Wire
2024-04-17,Sales,Training,7162.37,UPI
2024-05-11,Marketing,Travel,12508.27,Cash
2024-07-16,Finance,Supplies,11467.06,Card
2024-09-01,Operations,Supplies,6676.41,Card
2024-06-26,HR,Utilities,6176.41,UPI
2024-09-30,Finance,Meals,4697.55,Wire
2024-09-17,HR,Travel,12207.86,Wire
2024-03-26,Sales,Supplies,19761.91,Card
2024-03-09,IT,Utilities,18326.37,Wire
2024-03-31,IT,Utilities,5269.68,Cash
2024-12-14,Marketing,Supplies,691.22,Wire
2024-01-16,IT,Software,19959.65,Wire
2024-10-02,Operations,Utilities,960.98,UPI
2024-07-10,Sales,Travel,16764.56,Cash
2024-04-22,HR,Supplies,8758.1,Cash
2024-05-28,IT,Meals,8662.97,Cash
2024-08-10,Marketing,Meals,5861.22,UPI
2024-07-07,HR,Utilities,8148.58,Cash
2024-03-30,Operations,Software,9972.74,Cash
2024-06-04,Sales,Travel,8387.24,Cash
2024-09-10,IT,Supplies,6074.88,Wire
2024-07-18,HR,Training,18866.89,UPI
2024-10-11,Finance,Training,12802.12,Cash
2024-09-22,Marketing,Meals,6107.93,Card
2024-08-18,Operations,Training,16726.44,Wire
2024-10-27,Operations,Travel,3897.58,Cash
2024-08-26,Finance,Meals,9335.74,Card
2024-09-23,Marketing,Meals,10967.21,Wire
2024-05-07,Sales,Meals,5732.96,UPI
2024-03-07,HR,Travel,10139.85,UPI
2024-05-16,Finance,Software,3586.01,UPI
2024-07-29,Marketing,Meals,13433.63,Wire
2024-07-23,Finance,Travel,15511.42,UPI
2024-02-12,Operations,Supplies,19262.56,Cash
2024-07-08,Sales,Training,7060.72,Cash
2024-06-14,Operations,Travel,11164.72,Cash
2024-08-20,Operations,Meals,17961.36,UPI
2024-09-04,Finance,Supplies,221.52,Card
2024-06-06,IT,Travel,11490.71,Card
2024-08-04,Finance,Meals,7661.34,UPI
2024-09-05,IT,Training,8116.68,Cash
2024-01-30,Marketing,Training,5607.01,UPI
2024-10-01,IT,Utilities,12323.81,UPI
2024-11-30,Finance,Software,11957.19,Cash
2024-02-13,Operations,Software,13549.15,Cash
2024-03-18,Marketing,Meals,12803.3,UPI
2024-01-30,Marketing,Travel,10751.23,Card
2024-01-13,Finance,Travel,1981.35,Cash
2024-06-20,Finance,Software,13354.21,Cash
2024-09-03,HR,Meals,2947.76,Wire
2024-02-14,IT,Travel,8838.26,UPI
2024-10-17,Sales,Training,12163.94,Card
2024-01-07,Finance,Meals,15274.72,Card
2024-04-19,Sales,Utilities,3117.82,Cash
2024-10-28,Marketing,Travel,19322.67,Wire
2024-10-20,Sales,Utilities,12747.89,Card
2024-10-14,Sales,Utilities,4154.62,Card
2024-12-03,HR,Travel,1138.49,UPI
2024-02-21,IT,Utilities,14200.99,Card
2024-05-29,HR,Training,18112.19,Card
2024-03-06,Finance,Software,11165.85,Card
2024-10-25,IT,Utilities,17092.28,Wire
2024-07-23,Sales,Training,421.75,UPI
2024-05-16,Operations,Supplies,2810.37,Wire
2024-02-23,IT,Software,4438.24,UPI
2024-05-11,Operations,Supplies,2504.73,Cash
2024-12-21,Marketing,Software,11059.97,UPI
2024-08-30,Marketing,Training,657.52,Wire
2024-05-27,Finance,Travel,6052.86,Wire
2024-02-18,IT,Supplies,3017.27,UPI
2024-07-09,Marketing,Supplies,9574.01,Card
2024-03-27,Marketing,Training,2341.57,Cash
2024-08-10,Marketing,Supplies,6086.89,Card
2024-10-22,Marketing,Travel,19041.29,Card
2024-04-13,Sales,Utilities,16798.22,Cash
2024-02-04,Marketing,Travel,12121.62,Wire
2024-02-22,Sales,Supplies,12870.63,UPI
2024-04-13,Finance,Training,12137.59,Cash
2024-08-29,Marketing,Supplies,461.98,Cash
2024-07-10,Marketing,Travel,1124.62,Wire
2024-08-20,Finance,Meals,14196.08,Card
2024-08-30,HR,Supplies,8963.26,Card
2024-09-15,Marketing,Utilities,15369.21,Cash
2024-07-24,Operations,Meals,747.11,Wire
2024-10-17,HR,Utilities,5386.2,UPI
2024-04-21,HR,Utilities,17753.97,Card
2024-11-12,Marketing,Supplies,6928.58,Card
2024-06-04,HR,Meals,11403.2,Card
2024-05-15,Marketing,Utilities,3320.7,Card
2024-01-18,HR,Software,17211.81,UPI
2024-06-03,HR,Travel,18354.12,UPI
2024-09-22,Finance,Software,3563.76,Wire
2024-01-16,Sales,Travel,17458.01,Cash
2024-07-30,Marketing,Software,9971.08,UPI
2024-10-09,Sales,Software,18936.92,Cash
2024-01-30,Operations,Supplies,16881.07,UPI
2024-11-05,Operations,Supplies,14544.28,Wire
2024-10-31,Finance,Software,19293.89,Cash
2024-03-19,IT,Software,12033.05,UPI
2024-08-02,Operations,Utilities,2388.72,Card
2024-04-12,HR,Supplies,15072.74,UPI
2024-11-09,HR,Software,15429.9,UPI
2024-03-22,Sales,Software,545.87,Card
2024-08-22,HR,Supplies,7561.7,Cash
2024-11-30,Sales,Utilities,18754.35,Wire
2024-02-07,HR,Supplies,8509.51,Card
2024-04-26,Finance,Meals,2953.37,UPI
2024-05-15,IT,Meals,18672.66,Cash
2024-10-20,Operations,Utilities,1489.66,UPI
2024-10-19,Marketing,Software,8774.88,Cash
2024-05-19,Finance,Training,5599.01,Cash
2024-05-21,Sales,Meals,14937.21,UPI
2024-10-11,Sales,Utilities,14218.62,Card
2024-03-22,Marketing,Software,4147.13,Cash
2024-09-14,Sales,Travel,6405.58,UPI
2024-09-30,Marketing,Training,567.25,Wire
2024-02-27,IT,Meals,5790.06,Cash
2024-08-03,HR,Supplies,6403.81,Card
2024-09-10,Finance,Utilities,19799.86,UPI
2024-03-06,Marketing,Software,417.08,UPI
2024-04-04,Marketing,Meals,19813.78,Card
2024-05-29,Marketing,Software,12755.75,UPI
2024-08-02,Finance,Software,15319.91,Wire
2024-05-10,IT,Supplies,5530.36,Card
2024-04-18,Operations,Travel,17686.03,UPI
2024-10-21,Operations,Software,9160.78,Card
2024-01-18,IT,Meals,16729.09,Wire
2024-05-22,Sales,Software,11887.02,Cash
2024-09-17,Marketing,Travel,9876.38,Cash
2024-11-24,IT,Supplies,10218.47,Card
2024-01-10,HR,Travel,2568.68,Card
2024-11-19,HR,Software,2169.92,Cash
2024-03-18,Finance,Utilities,2155.63,Wire
2024-04-18,Marketing,Supplies,6246.55,Card
2024-09-19,Marketing,Supplies,11694.28,Card
2024-12-20,Operations,Travel,15205.59,Cash
2024-12-06,Operations,Travel,5476.64,Wire
2024-03-25,Finance,Meals,5350.3,Wire
2024-10-28,Sales,Travel,9035.99,UPI
2024-09-18,Sales,Training,16660.22,Cash
2024-04-28,Finance,Meals,11972.06,Card
2024-07-07,Finance,Software,13539.49,UPI
2024-11-19,IT,Supplies,7524.58,Cash
2024-07-08,HR,Supplies,4017.48,Wire
2024-03-24,Operations,Travel,16201.73,Cash
2024-08-24,IT,Training,9395.18,Card
2024-08-04,IT,Meals,12769.76,Cash
2024-11-30,HR,Utilities,8639.38,UPI
2024-02-06,Operations,Software,2157.69,Card
2024-12-07,Finance,Utilities,10991.17,Cash
2024-02-03,Marketing,Training,19203.54,Cash
2024-07-27,Marketing,Meals,9787.42,Card
2024-05-31,Sales,Supplies,14166.06,Card
2024-07-17,Marketing,Travel,8409.48,Card
2024-11-18,Sales,Supplies,7985.97,Card
2024-10-11,Sales,Meals,5492.44,Wire
2024-03-27,Finance,Utilities,694.42,Wire
2024-04-10,Sales,Training,8729.07,Card
2024-03-08,Finance,Travel,7412.96,Card
2024-01-28,Operations,Utilities,6281.57,UPI
2024-08-13,Marketing,Software,11306.94,Card
2024-06-15,Marketing,Travel,1807.52,Card
2024-03-29,HR,Software,7970.55,Cash
2024-06-04,Sales,Meals,13507.27,Cash
2024-01-17,IT,Supplies,13730.06,Wire
2024-11-28,Finance,Travel,13790.17,Card
2024-03-20,Sales,Travel,17001.73,Card
2024-07-21,HR,Travel,1360.1,Wire
2024-08-07,Sales,Utilities,19971.49,Card
2024-11-30,Operations,Utilities,10897.83,UPI
2024-10-24,HR,Supplies,3816.73,Card
2024-12-30,HR,Software,19762.26,Card
2024-06-04,IT,Software,6426.64,UPI
2024-09-27,Operations,Meals,8472.67,Card
2024-01-15,Marketing,Travel,11241.32,Card
2024-11-26,HR,Meals,10935.65,Wire
2024-05-11,IT,Software,8174.1,Cash
2024-11-03,IT,Travel,5143.67,Card
2024-08-09,Finance,Supplies,15269.99,Cash
2024-10-11,IT,Software,14513.72,Wire
2024-06-05,Marketing,Training,6014.79,Card
2024-06-26,Finance,Training,16017.69,Card
2024-06-19,IT,Supplies,11011.29,Card
2024-11-27,Sales,Travel,19309.79,Cash
2024-11-02,Sales,Training,8092.27,Cash
2024-03-18,Operations,Training,9280.38,Cash
2024-01-21,Operations,Meals,6305.43,UPI
2024-12-28,IT,Supplies,6613.33,Card
2024-05-22,Finance,Software,6950.14,Wire
2024-08-01,Sales,Supplies,16842.61,Card
2024-06-22,Marketing,Utilities,18988.93,Cash
2024-09-06,IT,Supplies,6923.55,Wire
2024-10-05,Finance,Software,1032.49,Cash
2024-01-02,Marketing,Meals,18636.4,Wire
2024-09-03,Sales,Utilities,7755.17,UPI
2024-08-31,Operations,Travel,3647.36,Cash
2024-11-18,Finance,Travel,7637.84,Cash
2024-06-12,Marketing,Travel,16039.84,Cash
2024-04-22,Operations,Supplies,8183.94,Cash
2024-10-27,Finance,Utilities,10243.3,Card
2024-01-31,HR,Travel,1575.7,Wire
2024-07-11,IT,Utilities,7484.48,UPI
2024-08-19,Finance,Utilities,5198.36,Cash
2024-01-15,Marketing,Supplies,19284.09,UPI
2024-07-27,Operations,Software,19433.76,Cash
2024-01-20,IT,Utilities,2564.13,UPI
2024-02-03,Operations,Meals,7132.08,Card
2024-06-27,Finance,Training,17058.49,Card
2024-09-16,IT,Utilities,12977.55,Wire
2024-01-24,Operations,Software,14221.32,Cash
2024-01-26,Sales,Supplies,9150.17,UPI
2024-11-22,IT,Training,16239.37,Cash
2024-01-12,Operations,Software,9122.34,Wire
2024-07-26,Finance,Training,1051.44,Wire
2024-07-14,HR,Travel,11054.43,Cash
2024-04-12,IT,Travel,3769.74,Cash
2024-01-09,Marketing,Meals,16282.34,Card
2024-09-26,HR,Meals,15269.0,UPI
2024-01-15,Finance,Meals,4610.43,UPI
2024-05-06,IT,Supplies,16468.6,Wire
2024-03-12,HR,Training,6474.33,Cash
2024-05-28,Sales,Software,8398.56,Card
2024-05-26,Operations,Training,2632.23,Card
2024-12-16,Operations,Meals,8754.09,Cash
2024-09-16,Operations,Meals,2396.93,Card
2024-02-11,IT,Software,277.8,Cash
2024-09-27,IT,Utilities,17782.58,Cash
2024-06-22,Marketing,Software,5666.29,Cash
2024-07-17,HR,Supplies,14539.35,Card
2024-07-29,HR,Training,5875.85,Wire
2024-05-10,IT,Meals,18105.79,Cash
2024-09-06,IT,Utilities,13013.76,Card
2024-02-21,Sales,Travel,6250.15,Cash
2024-06-04,Operations,Travel,10132.27,Cash
2024-03-30,HR,Meals,17911.87,Cash
2024-12-16,IT,Training,14849.34,Cash
2024-08-29,Operations,Utilities,13342.58,UPI
2024-02-21,Marketing,Supplies,6835.18,Wire
2024-10-18,HR,Supplies,10605.88,Card
2024-06-05,HR,Utilities,19237.06,Card
2024-05-29,IT,Utilities,6855.96,Cash
2024-03-09,HR,Meals,17481.37,Card
2024-01-04,Sales,Utilities,5462.83,Cash
2024-10-24,Sales,Utilities,2788.55,Wire
2024-05-22,IT,Utilities,5301.59,UPI
2024-01-16,Marketing,Supplies,2759.1,UPI
2024-07-19,HR,Meals,19009.11,Card
2024-06-10,Finance,Supplies,14125.45,Wire
2024-06-03,Marketing,Supplies,12790.32,UPI
2024-08-30,Marketing,Utilities,3508.58,Wire
2024-09-15,Sales,Travel,1937.13,UPI
2024-12-20,Operations,Travel,18090.47,Wire
2024-07-08,Finance,Software,19402.45,UPI
2024-12-20,Marketing,Software,4505.75,Card
2024-11-15,Operations,Meals,6278.6,UPI
2024-03-27,Finance,Supplies,11125.23,Wire
2024-07-09,Sales,Utilities,1586.69,UPI
2024-05-31,Operations,Training,1188.47,Card
2024-02-15,Operations,Supplies,1613.07,Cash
2024-10-14,Marketing,Travel,9388.59,Wire
2024-01-16,HR,Meals,18593.15,Wire
2024-09-03,Operations,Meals,3072.77,Cash
2024-07-16,Sales,Utilities,6529.03,Cash
2024-10-20,Operations,Supplies,15408.11,Card
2024-12-02,Operations,Meals,2629.67,Card
2024-04-27,HR,Training,10191.92,Cash
2024-07-09,Marketing,Utilities,14600.39,UPI
2024-08-03,Finance,Meals,678.73,Cash
2024-04-12,Operations,Supplies,7178.13,Card
2024-09-08,Sales,Supplies,5866.49,UPI
2024-11-08,Sales,Training,7312.03,UPI
2024-08-25,IT,Meals,10118.59,Cash
2024-04-02,HR,Utilities,17815.94,Card
2024-02-19,Sales,Travel,1276.45,Cash
2024-03-21,Finance,Utilities,19975.25,Wire
2024-08-20,IT,Software,6116.3,Cash
2024-08-23,IT,Travel,10862.23,Card
2024-11-11,Sales,Training,12666.9,Cash
2024-10-27,Marketing,Utilities,1063.18,Card
2024-04-11,HR,Supplies,11570.55,Card
2024-02-21,HR,Utilities,19032.02,UPI
2024-05-10,Sales,Travel,619.04,Wire
2024-07-23,Finance,Utilities,3060.62,Cash
2024-09-13,Finance,Training,19846.52,Wire
2024-06-26,Operations,Software,8437.81,Cash
2024-09-02,HR,Training,6329.47,Wire
2024-12-02,IT,Utilities,11658.62,Cash
2024-02-09,Finance,Supplies,4521.74,Card
2024-12-16,Finance,Travel,10150.09,Cash
2024-03-24,Operations,Software,5788.13,Cash
2024-10-07,IT,Supplies,2544.26,Cash
2024-06-20,Sales,Utilities,14639.47,Wire
2024-04-12,Operations,Software,9048.93,Wire
2024-11-08,Operations,Utilities,3629.72,UPI
2024-10-19,IT,Travel,15488.62,Wire
2024-10-08,Finance,Training,17725.36,Card
2024-12-24,HR,Meals,3528.19,UPI
2024-01-19,Sales,Travel,18558.06,Cash
2024-10-09,Operations,Training,1979.59,Cash
2024-10-26,Finance,Training,9468.63,UPI
2024-05-29,Finance,Training,11227.73,UPI
2024-03-27,Sales,Supplies,3138.03,Wire
2024-04-07,IT,Software,7765.87,UPI
2024-05-11,Finance,Training,19935.33,Card
2024-04-06,HR,Supplies,12060.45,Card
2024-12-21,Marketing,Supplies,514.69,Card
2024-06-04,IT,Training,13853.38,Card
2024-04-21,Finance,Supplies,7802.0,Wire
2024-07-23,Operations,Meals,8174.52,UPI
2024-02-24,HR,Travel,2866.25,Cash
2024-04-26,Operations,Travel,5204.3,UPI
2024-07-22,Sales,Training,2597.41,Wire
2024-07-07,Marketing,Travel,15263.73,UPI
2024-03-24,Marketing,Travel,11528.51,UPI
2024-09-30,Sales,Software,19483.92,Wire
2024-06-29,HR,Software,4012.09,Cash
2024-10-13,IT,Utilities,11324.64,Cash
2024-05-08,Finance,Utilities,2256.7,Card
2024-06-10,HR,Travel,10034.21,Cash
2024-06-29,Sales,Travel,14037.94,Card
2024-09-30,Operations,Software,9097.16,Wire
2024-09-16,IT,Travel,5634.15,Cash
2024-04-25,HR,Supplies,12959.04,Wire
2024-11-28,Finance,Meals,5993.73,Card
2024-07-29,Finance,Supplies,11914.83,Card
2024-12-04,Operations,Meals,19889.73,UPI
2024-06-16,Finance,Software,3460.16,Card
2024-03-26,HR,Training,17872.34,Cash
2024-10-30,HR,Utilities,17759.05,Wire
2024-10-31,HR,Training,10760.09,Card
2024-10-27,IT,Supplies,8700.54,UPI
2024-09-01,Operations,Utilities,4469.06,Cash
2024-07-19,Finance,Supplies,10256.31,UPI
2024-05-25,IT,Travel,6786.42,Wire
2024-06-23,Sales,Meals,18212.42,UPI
2024-12-30,Sales,Software,1673.07,Card
2024-12-28,HR,Travel,11392.72,Card
2024-02-20,Sales,Utilities,12860.61,UPI
2024-06-01,IT,Utilities,12754.2,Cash
2024-05-24,Finance,Travel,14192.34,UPI
2024-06-03,HR,Utilities,402.63,Cash
2024-12-02,IT,Travel,10383.55,UPI
2024-12-01,IT,Training,2385.03,Cash
2024-02-03,Operations,Meals,4580.19,Card
2024-08-26,Finance,Utilities,6258.92,Wire
2024-01-05,Operations,Training,1041.08,Card
