SKU,Product,Stock,ReorderLevel,Supplier
SKU-0100,Binder,113,178,Delta Distributors
SKU-0101,Marker,427,64,Delta Distributors
SKU-0102,Folder,36,76,Gamma Supplies
SKU-0103,Marker,491,61,Delta Distributors
SKU-0104,Notebook,66,79,Gamma Supplies
SKU-0105,Pen,95,184,Gamma Supplies
SKU-0106,Marker,289,81,Delta Distributors
SKU-0107,Folder,372,88,Beta Corp
SKU-0108,Pen,351,180,Gamma Supplies
SKU-0109,Marker,429,92,Alpha Traders
SKU-0110,Stapler,483,130,Alpha Traders
SKU-0111,Marker,495,52,Gamma Supplies
SKU-0112,Marker,248,123,Beta Corp
SKU-0113,Pen,372,112,Beta Corp
SKU-0114,Notebook,366,89,Beta Corp
SKU-0115,Pen,273,116,Gamma Supplies
SKU-0116,Pen,358,187,Delta Distributors
SKU-0117,Binder,435,95,Alpha Traders
SKU-0118,Binder,310,124,Alpha Traders
SKU-0119,Marker,443,146,Delta Distributors
SKU-0120,Pen,483,75,Delta Distributors
SKU-0121,Folder,410,71,Alpha Traders
SKU-0122,Binder,25,122,Delta Distributors
SKU-0123,Notebook,114,100,Delta Distributors
SKU-0124,Pen,368,195,Beta Corp
SKU-0125,Stapler,170,61,Beta Corp
SKU-0126,Marker,2,169,Beta Corp
SKU-0127,Stapler,485,184,Gamma Supplies
SKU-0128,Folder,480,183,Beta Corp
SKU-0129,Marker,337,94,Beta Corp
SKU-0130,Folder,382,135,Alpha Traders
SKU-0131,Stapler,114,58,Alpha Traders
SKU-0132,Stapler,226,61,Delta Distributors
SKU-0133,Folder,115,137,Alpha Traders
SKU-0134,Pen,317,153,Delta Distributors
SKU-0135,Stapler,328,126,Alpha Traders
SKU-0136,Marker,39,184,Beta Corp
SKU-0137,Binder,272,168,Gamma Supplies
SKU-0138,Marker,381,73,Beta Corp
SKU-0139,Binder,257,141,Gamma Supplies
SKU-0140,Notebook,466,198,Delta Distributors
SKU-0141,Marker,116,102,Delta Distributors
SKU-0142,Stapler,301,94,Delta Distributors
SKU-0143,Folder,264,55,Alpha Traders
SKU-0144,Pen,306,168,Alpha Traders
SKU-0145,Marker,34,131,Delta Distributors
SKU-0146,Binder,436,196,Alpha Traders
SKU-0147,Folder,196,74,Beta Corp
SKU-0148,Pen,394,66,Gamma Supplies
SKU-0149,Marker,35,145,Gamma Supplies
SKU-0150,Notebook,276,67,Gamma Supplies
SKU-0151,Pen,187,195,Gamma Supplies
SKU-0152,Binder,256,191,Beta Corp
SKU-0153,Pen,135,100,Gamma Supplies
SKU-0154,Marker,78,85,Gamma Supplies
SKU-0155,Folder,61,178,Alpha Traders
SKU-0156,Notebook,498,134,Beta Corp
SKU-0157,Binder,297,50,Beta Corp
SKU-0158,Notebook,479,103,Alpha Traders
SKU-0159,Folder,174,149,Delta Distributors
SKU-0160,Marker,38,56,Delta Distributors
SKU-0161,Binder,149,170,Alpha Traders
SKU-0162,Notebook,177,94,Alpha Traders
SKU-0163,Binder,329,169,Beta Corp
SKU-0164,Notebook,71,187,Alpha Traders
SKU-0165,Folder,397,95,Beta Corp
SKU-0166,Marker,122,167,Gamma Supplies
SKU-0167,Notebook,74,55,Alpha Traders
SKU-0168,Notebook,20,196,Delta Distributors
SKU-0169,Marker,102,137,Alpha Traders
SKU-0170,Marker,465,148,Gamma Supplies
SKU-0171,Notebook,499,111,Gamma Supplies
SKU-0172,Folder,362,132,Alpha Traders
SKU-0173,Folder,180,105,Gamma Supplies
SKU-0174,Notebook,189,71,Delta Distributors
SKU-0175,Binder,67,59,Beta Corp
SKU-0176,Folder,65,57,Beta Corp
SKU-0177,Marker,224,172,Delta Distributors
SKU-0178,Folder,37,172,Delta Distributors
SKU-0179,Folder,317,187,Beta Corp
SKU-0180,Notebook,300,114,Gamma Supplies
SKU-0181,Pen,481,116,Gamma Supplies
SKU-0182,Stapler,392,182,Alpha Traders
SKU-0183,Binder,361,187,Delta Distributors
SKU-0184,Binder,139,131,Gamma Supplies
SKU-0185,Binder,57,198,Beta Corp
SKU-0186,Notebook,404,180,Delta Distributors
SKU-0187,Pen,68,138,Delta Distributors
SKU-0188,Binder,249,113,Beta Corp
SKU-0189,Marker,176,121,Beta Corp
SKU-0190,Stapler,16,122,Alpha Traders
SKU-0191,Marker,159,119,Alpha Traders
SKU-0192,Folder,112,70,Delta Distributors
SKU-0193,Folder,134,56,Delta Distributors
SKU-0194,Binder,110,76,Alpha Traders
SKU-0195,Pen,7,77,Alpha Traders
SKU-0196,Stapler,206,96,Alpha Traders
SKU-0197,Binder,465,135,Gamma Supplies
SKU-0198,Notebook,241,59,Beta Corp
SKU-0199,Pen,369,82,Beta Corp
