ReturnID,OrderID,Reason,RefundAmount
1001,6533,Wrong Item,114.67
1002,5104,Damaged,266.21
1003,6695,Damaged,168.15
1004,5077,Other,75.79
1005,6208,Other,185.34
1006,6305,Other,110.26
1007,6549,Wrong Item,102.21
1008,5946,Wrong Item,238.03
1009,5609,Damaged,161.62
1010,6830,Late Delivery,290.76
1011,6051,Late Delivery,234.15
1012,5160,Other,116.6
1013,5543,Late Delivery,285.91
1014,6881,Other,88.63
1015,5210,Late Delivery,41.85
1016,5612,Wrong Item,211.32
1017,5963,Damaged,37.91
1018,5765,Wrong Item,144.3
1019,5940,Other,133.86
1020,6029,Late Delivery,220.33
1021,5777,Wrong Item,147.23
1022,6229,Other,104.17
1023,5970,Damaged,214.76
1024,5103,Wrong Item,279.1
1025,5767,Wrong Item,129.99
1026,5372,Other,39.86
1027,6994,Wrong Item,63.91
1028,5089,Damaged,111.52
1029,5156,Wrong Item,282.58
1030,6724,Other,145.3
1031,6076,Late Delivery,273.87
1032,6504,Late Delivery,249.59
1033,6505,Wrong Item,64.26
1034,5271,Damaged,160.6
1035,6093,Late Delivery,40.94
1036,5970,Other,277.72
1037,6652,Other,230.97
1038,5116,Damaged,54.51
1039,5563,Wrong Item,32.1
1040,6795,Damaged,184.67
1041,5028,Other,215.26
1042,6486,Damaged,259.61
1043,6992,Damaged,154.82
1044,6868,Late Delivery,166.87
1045,6328,Wrong Item,86.52
1046,5028,Wrong Item,132.09
1047,6223,Damaged,99.79
1048,6112,Wrong Item,67.24
1049,6779,Wrong Item,70.18
1050,5451,Other,181.91
1051,5435,Wrong Item,138.83
1052,6414,Damaged,124.28
1053,6843,Wrong Item,222.87
1054,5948,Damaged,140.89
1055,6546,Late Delivery,126.33
1056,5859,Damaged,290.56
1057,6636,Other,161.34
1058,5884,Damaged,104.63
1059,5341,Late Delivery,192.89
1060,6658,Damaged,130.63
1061,5607,Other,182.58
1062,5426,Damaged,141.14
1063,5323,Damaged,208.47
1064,5584,Other,102.91
1065,5295,Wrong Item,122.78
1066,5223,Late Delivery,219.91
1067,6556,Late Delivery,149.0
1068,5885,Damaged,86.93
1069,6876,Late Delivery,172.55
1070,5395,Other,118.21
1071,6004,Other,39.5
1072,5300,Wrong Item,266.33
1073,5512,Damaged,80.02
1074,6199,Other,157.31
1075,6251,Damaged,194.41
1076,5463,Damaged,154.62
1077,6672,Late Delivery,87.47
1078,6217,Wrong Item,51.23
1079,5567,Other,30.44
1080,5621,Wrong Item,254.04
1081,5071,Damaged,133.94
1082,6595,Other,196.94
1083,6068,Wrong Item,174.89
1084,6038,Other,50.37
1085,6403,Wrong Item,267.55
1086,6764,Late Delivery,196.73
1087,5888,Late Delivery,246.27
1088,5266,Late Delivery,134.62
1089,6694,Damaged,197.44
1090,6351,Damaged,152.22
1091,5847,Wrong Item,247.85
1092,5342,Wrong Item,138.76
1093,6578,Other,232.4
1094,6974,Wrong Item,295.9
1095,5532,Damaged,164.67
1096,6405,Damaged,257.52
1097,5599,Wrong Item,157.49
1098,5809,Wrong Item,166.65
1099,5679,Late Delivery,127.25
1100,5441,Wrong Item,214.35
