Date,Employee,Project,Hours
2024-06-01,Emp 2001,Internal,8.68
2024-06-01,Emp 2002,Project B,4.48
2024-06-01,Emp 2003,Project A,7.82
2024-06-01,Emp 2004,Project B,6.67
2024-06-01,Emp 2005,Project C,5.26
2024-06-01,Emp 2006,Project C,3.01
2024-06-01,Emp 2007,Project B,5.68
2024-06-01,Emp 2008,Project B,4.66
2024-06-01,Emp 2009,Project C,3.63
2024-06-01,Emp 2010,Internal,3.45
2024-06-02,Emp 2001,Project A,5.09
2024-06-02,Emp 2002,Internal,6.69
2024-06-02,Emp 2003,Project A,8.03
2024-06-02,Emp 2004,Internal,4.1
2024-06-02,Emp 2005,Project A,5.55
2024-06-02,Emp 2006,Project B,5.35
2024-06-02,Emp 2007,Project B,6.08
2024-06-02,Emp 2008,Project A,7.86
2024-06-02,Emp 2009,Project A,6.32
2024-06-02,Emp 2010,Project B,8.08
2024-06-03,Emp 2001,Project A,6.11
2024-06-03,Emp 2002,Internal,6.62
2024-06-03,Emp 2003,Project A,5.62
2024-06-03,Emp 2004,Project B,7.94
2024-06-03,Emp 2005,Internal,8.54
2024-06-03,Emp 2006,Project B,6.83
2024-06-03,Emp 2007,Project C,7.92
2024-06-03,Emp 2008,Project B,3.35
2024-06-03,Emp 2009,Internal,8.44
2024-06-03,Emp 2010,Internal,4.13
2024-06-04,Emp 2001,Project C,4.54
2024-06-04,Emp 2002,Internal,3.32
2024-06-04,Emp 2003,Project A,8.79
2024-06-04,Emp 2004,Project B,8.11
2024-06-04,Emp 2005,Project B,8.48
2024-06-04,Emp 2006,Internal,8.08
2024-06-04,Emp 2007,Project A,5.88
2024-06-04,Emp 2008,Project C,8.54
2024-06-04,Emp 2009,Project C,8.82
2024-06-04,Emp 2010,Project C,6.02
2024-06-05,Emp 2001,Project A,4.05
2024-06-05,Emp 2002,Project B,6.95
2024-06-05,Emp 2003,Project C,8.85
2024-06-05,Emp 2004,Project A,8.23
2024-06-05,Emp 2005,Project B,8.17
2024-06-05,Emp 2006,Internal,8.6
2024-06-05,Emp 2007,Project C,8.36
2024-06-05,Emp 2008,Project A,7.66
2024-06-05,Emp 2009,Project A,7.31
2024-06-05,Emp 2010,Internal,4.59
2024-06-06,Emp 2001,Project C,6.73
2024-06-06,Emp 2002,Project C,6.13
2024-06-06,Emp 2003,Project A,8.17
2024-06-06,Emp 2004,Project B,5.95
2024-06-06,Emp 2005,Internal,3.77
2024-06-06,Emp 2006,Project B,3.03
2024-06-06,Emp 2007,Project C,7.07
2024-06-06,Emp 2008,Project A,6.3
2024-06-06,Emp 2009,Internal,4.99
2024-06-06,Emp 2010,Internal,4.01
2024-06-07,Emp 2001,Project A,5.8
2024-06-07,Emp 2002,Project B,3.6
2024-06-07,Emp 2003,Internal,5.02
2024-06-07,Emp 2004,Internal,5.28
2024-06-07,Emp 2005,Project B,5.79
2024-06-07,Emp 2006,Project B,5.8
2024-06-07,Emp 2007,Project A,4.54
2024-06-07,Emp 2008,Project A,8.1
2024-06-07,Emp 2009,Project B,5.13
2024-06-07,Emp 2010,Project A,4.38
2024-06-08,Emp 2001,Internal,4.05
2024-06-08,Emp 2002,Project B,4.94
2024-06-08,Emp 2003,Project A,3.41
2024-06-08,Emp 2004,Project B,3.2
2024-06-08,Emp 2005,Project C,6.63
2024-06-08,Emp 2006,Internal,6.71
2024-06-08,Emp 2007,Project B,6.18
2024-06-08,Emp 2008,Project C,7.57
2024-06-08,Emp 2009,Internal,3.23
2024-06-08,Emp 2010,Internal,8.62
2024-06-09,Emp 2001,Project B,3.57
2024-06-09,Emp 2002,Internal,7.04
2024-06-09,Emp 2003,Project B,3.8
2024-06-09,Emp 2004,Project B,8.28
2024-06-09,Emp 2005,Project A,6.06
2024-06-09,Emp 2006,Project B,3.49
2024-06-09,Emp 2007,Project C,6.7
2024-06-09,Emp 2008,Internal,3.05
2024-06-09,Emp 2009,Project A,7.66
2024-06-09,Emp 2010,Project C,6.9
2024-06-10,Emp 2001,Project B,4.28
2024-06-10,Emp 2002,Internal,5.25
2024-06-10,Emp 2003,Project A,3.05
2024-06-10,Emp 2004,Internal,7.16
2024-06-10,Emp 2005,Internal,4.94
2024-06-10,Emp 2006,Internal,6.43
2024-06-10,Emp 2007,Project A,8.74
2024-06-10,Emp 2008,Internal,4.8
2024-06-10,Emp 2009,Internal,8.94
2024-06-10,Emp 2010,Project A,6.8
2024-06-11,Emp 2001,Internal,4.45
2024-06-11,Emp 2002,Internal,5.62
2024-06-11,Emp 2003,Project B,7.44
2024-06-11,Emp 2004,Internal,5.68
2024-06-11,Emp 2005,Project B,3.41
2024-06-11,Emp 2006,Project A,4.01
2024-06-11,Emp 2007,Project C,7.75
2024-06-11,Emp 2008,Project A,6.89
2024-06-11,Emp 2009,Internal,6.42
2024-06-11,Emp 2010,Project B,4.01
2024-06-12,Emp 2001,Project A,8.03
2024-06-12,Emp 2002,Project B,8.76
2024-06-12,Emp 2003,Project B,3.25
2024-06-12,Emp 2004,Project B,3.47
2024-06-12,Emp 2005,Project C,8.31
2024-06-12,Emp 2006,Project C,7.89
2024-06-12,Emp 2007,Project B,6.71
2024-06-12,Emp 2008,Project A,8.67
2024-06-12,Emp 2009,Internal,6.88
2024-06-12,Emp 2010,Project C,4.3
2024-06-13,Emp 2001,Project A,7.37
2024-06-13,Emp 2002,Project C,6.87
2024-06-13,Emp 2003,Internal,8.91
2024-06-13,Emp 2004,Project A,4.28
2024-06-13,Emp 2005,Project C,6.59
2024-06-13,Emp 2006,Internal,7.68
2024-06-13,Emp 2007,Project B,5.03
2024-06-13,Emp 2008,Project A,5.28
2024-06-13,Emp 2009,Project B,8.33
2024-06-13,Emp 2010,Project A,5.43
2024-06-14,Emp 2001,Project B,6.75
2024-06-14,Emp 2002,Project C,8.34
2024-06-14,Emp 2003,Internal,4.26
2024-06-14,Emp 2004,Internal,8.89
2024-06-14,Emp 2005,Project A,7.21
2024-06-14,Emp 2006,Project C,5.98
2024-06-14,Emp 2007,Project B,5.59
2024-06-14,Emp 2008,Internal,8.73
2024-06-14,Emp 2009,Project C,4.23
2024-06-14,Emp 2010,Project A,4.87
2024-06-15,Emp 2001,Project B,4.85
2024-06-15,Emp 2002,Project B,4.73
2024-06-15,Emp 2003,Project A,5.81
2024-06-15,Emp 2004,Project C,8.94
2024-06-15,Emp 2005,Project A,8.33
2024-06-15,Emp 2006,Project B,4.97
2024-06-15,Emp 2007,Internal,5.54
2024-06-15,Emp 2008,Project C,7.02
2024-06-15,Emp 2009,Project C,3.1
2024-06-15,Emp 2010,Project B,7.92
2024-06-16,Emp 2001,Project C,8.28
2024-06-16,Emp 2002,Project C,8.14
2024-06-16,Emp 2003,Project A,5.25
2024-06-16,Emp 2004,Project A,5.77
2024-06-16,Emp 2005,Project C,3.07
2024-06-16,Emp 2006,Project C,5.4
2024-06-16,Emp 2007,Internal,5.76
2024-06-16,Emp 2008,Internal,8.44
2024-06-16,Emp 2009,Project A,8.36
2024-06-16,Emp 2010,Internal,8.8
2024-06-17,Emp 2001,Project A,8.31
2024-06-17,Emp 2002,Project C,3.05
2024-06-17,Emp 2003,Project B,6.85
2024-06-17,Emp 2004,Project B,3.41
2024-06-17,Emp 2005,Internal,4.64
2024-06-17,Emp 2006,Internal,6.47
2024-06-17,Emp 2007,Internal,7.2
2024-06-17,Emp 2008,Internal,6.93
2024-06-17,Emp 2009,Project B,3.29
2024-06-17,Emp 2010,Project B,3.62
2024-06-18,Emp 2001,Project A,3.77
2024-06-18,Emp 2002,Internal,3.55
2024-06-18,Emp 2003,Project C,4.07
2024-06-18,Emp 2004,Internal,7.13
2024-06-18,Emp 2005,Project A,7.99
2024-06-18,Emp 2006,Project A,5.45
2024-06-18,Emp 2007,Internal,7.16
2024-06-18,Emp 2008,Internal,4.2
2024-06-18,Emp 2009,Internal,8.84
2024-06-18,Emp 2010,Internal,5.1
2024-06-19,Emp 2001,Project B,8.08
2024-06-19,Emp 2002,Internal,8.67
2024-06-19,Emp 2003,Internal,8.19
2024-06-19,Emp 2004,Project B,3.4
2024-06-19,Emp 2005,Project B,6.9
2024-06-19,Emp 2006,Project C,3.72
2024-06-19,Emp 2007,Project B,3.03
2024-06-19,Emp 2008,Internal,3.31
2024-06-19,Emp 2009,Project A,8.5
2024-06-19,Emp 2010,Project C,8.45
2024-06-20,Emp 2001,Project A,4.35
2024-06-20,Emp 2002,Internal,6.28
2024-06-20,Emp 2003,Project B,8.73
2024-06-20,Emp 2004,Project B,5.98
2024-06-20,Emp 2005,Project C,5.36
2024-06-20,Emp 2006,Project A,5.9
2024-06-20,Emp 2007,Project C,7.74
2024-06-20,Emp 2008,Project A,5.86
2024-06-20,Emp 2009,Project C,7.7
2024-06-20,Emp 2010,Internal,5.59
2024-06-21,Emp 2001,Internal,4.51
2024-06-21,Emp 2002,Project C,4.96
2024-06-21,Emp 2003,Internal,3.47
2024-06-21,Emp 2004,Project A,5.98
2024-06-21,Emp 2005,Project A,3.89
2024-06-21,Emp 2006,Project A,7.87
2024-06-21,Emp 2007,Project B,5.52
2024-06-21,Emp 2008,Project C,7.59
2024-06-21,Emp 2009,Project B,8.73
2024-06-21,Emp 2010,Project C,8.1
2024-06-22,Emp 2001,Project C,8.71
2024-06-22,Emp 2002,Project C,6.41
2024-06-22,Emp 2003,Project C,3.99
2024-06-22,Emp 2004,Project B,8.61
2024-06-22,Emp 2005,Internal,8.21
2024-06-22,Emp 2006,Internal,8.19
2024-06-22,Emp 2007,Internal,7.16
2024-06-22,Emp 2008,Project B,6.75
2024-06-22,Emp 2009,Project B,3.09
2024-06-22,Emp 2010,Project C,7.49
2024-06-23,Emp 2001,Project C,3.55
2024-06-23,Emp 2002,Project B,4.56
2024-06-23,Emp 2003,Project B,6.31
2024-06-23,Emp 2004,Project B,5.71
2024-06-23,Emp 2005,Project C,3.09
2024-06-23,Emp 2006,Internal,7.94
2024-06-23,Emp 2007,Project B,8.27
2024-06-23,Emp 2008,Project B,7.09
2024-06-23,Emp 2009,Project A,6.25
2024-06-23,Emp 2010,Project C,8.76
2024-06-24,Emp 2001,Internal,3.72
2024-06-24,Emp 2002,Project B,7.43
2024-06-24,Emp 2003,Project C,3.77
2024-06-24,Emp 2004,Project A,5.29
2024-06-24,Emp 2005,Project C,6.51
2024-06-24,Emp 2006,Project B,7.42
2024-06-24,Emp 2007,Project C,3.02
2024-06-24,Emp 2008,Internal,4.56
2024-06-24,Emp 2009,Project B,6.23
2024-06-24,Emp 2010,Project C,6.2
2024-06-25,Emp 2001,Internal,6.83
2024-06-25,Emp 2002,Project B,4.82
2024-06-25,Emp 2003,Project B,6.24
2024-06-25,Emp 2004,Internal,4.14
2024-06-25,Emp 2005,Project B,4.12
2024-06-25,Emp 2006,Project B,6.46
2024-06-25,Emp 2007,Project C,7.11
2024-06-25,Emp 2008,Project C,3.72
2024-06-25,Emp 2009,Project A,3.74
2024-06-25,Emp 2010,Project B,6.39
2024-06-26,Emp 2001,Project A,4.62
2024-06-26,Emp 2002,Internal,5.35
2024-06-26,Emp 2003,Project C,5.4
2024-06-26,Emp 2004,Project C,4.07
2024-06-26,Emp 2005,Project A,3.01
2024-06-26,Emp 2006,Internal,8.12
2024-06-26,Emp 2007,Project C,7.29
2024-06-26,Emp 2008,Internal,7.14
2024-06-26,Emp 2009,Project C,6.28
2024-06-26,Emp 2010,Project A,7.21
2024-06-27,Emp 2001,Project C,8.61
2024-06-27,Emp 2002,Internal,6.99
2024-06-27,Emp 2003,Project C,4.59
2024-06-27,Emp 2004,Project C,6.42
2024-06-27,Emp 2005,Project B,5.65
2024-06-27,Emp 2006,Project A,6.34
2024-06-27,Emp 2007,Project B,6.11
2024-06-27,Emp 2008,Project C,8.15
2024-06-27,Emp 2009,Project A,6.91
2024-06-27,Emp 2010,Project A,4.13
2024-06-28,Emp 2001,Project A,3.38
2024-06-28,Emp 2002,Internal,5.55
2024-06-28,Emp 2003,Internal,3.09
2024-06-28,Emp 2004,Project B,4.91
2024-06-28,Emp 2005,Project A,5.21
2024-06-28,Emp 2006,Project B,5.25
2024-06-28,Emp 2007,Project C,8.88
2024-06-28,Emp 2008,Project B,4.82
2024-06-28,Emp 2009,Project C,4.59
2024-06-28,Emp 2010,Project A,3.78
2024-06-29,Emp 2001,Project A,6.07
2024-06-29,Emp 2002,Project C,3.92
2024-06-29,Emp 2003,Project B,6.7
2024-06-29,Emp 2004,Internal,3.93
2024-06-29,Emp 2005,Project C,6.46
2024-06-29,Emp 2006,Project A,7.96
2024-06-29,Emp 2007,Project C,3.26
2024-06-29,Emp 2008,Project C,5.52
2024-06-29,Emp 2009,Internal,5.77
2024-06-29,Emp 2010,Project A,7.75
2024-06-30,Emp 2001,Project C,5.81
2024-06-30,Emp 2002,Project C,6.41
2024-06-30,Emp 2003,Project B,7.75
2024-06-30,Emp 2004,Project A,6.36
2024-06-30,Emp 2005,Project B,5.15
2024-06-30,Emp 2006,Project B,3.52
2024-06-30,Emp 2007,Project C,7.38
2024-06-30,Emp 2008,Project B,8.23
2024-06-30,Emp 2009,Internal,8.82
2024-06-30,Emp 2010,Internal,8.56
2024-07-01,Emp 2001,Project A,7.78
2024-07-01,Emp 2002,Project B,6.86
2024-07-01,Emp 2003,Internal,7.69
2024-07-01,Emp 2004,Internal,5.59
2024-07-01,Emp 2005,Project C,6.57
2024-07-01,Emp 2006,Project A,5.09
2024-07-01,Emp 2007,Project A,4.96
2024-07-01,Emp 2008,Project C,7.54
2024-07-01,Emp 2009,Project B,5.72
2024-07-01,Emp 2010,Project A,4.27
2024-07-02,Emp 2001,Project C,4.21
2024-07-02,Emp 2002,Project A,8.16
2024-07-02,Emp 2003,Project A,7.07
2024-07-02,Emp 2004,Project C,6.28
2024-07-02,Emp 2005,Project B,5.41
2024-07-02,Emp 2006,Internal,5.58
2024-07-02,Emp 2007,Internal,3.34
2024-07-02,Emp 2008,Project A,5.73
2024-07-02,Emp 2009,Internal,7.77
2024-07-02,Emp 2010,Project A,5.33
2024-07-03,Emp 2001,Project B,5.3
2024-07-03,Emp 2002,Internal,3.09
2024-07-03,Emp 2003,Project A,5.75
2024-07-03,Emp 2004,Project C,3.15
2024-07-03,Emp 2005,Project C,6.42
2024-07-03,Emp 2006,Project B,6.04
2024-07-03,Emp 2007,Project B,8.04
2024-07-03,Emp 2008,Project C,6.49
2024-07-03,Emp 2009,Internal,4.94
2024-07-03,Emp 2010,Project B,6.1
2024-07-04,Emp 2001,Project B,7.2
2024-07-04,Emp 2002,Project C,3.56
2024-07-04,Emp 2003,Internal,6.73
2024-07-04,Emp 2004,Internal,8.5
2024-07-04,Emp 2005,Project A,4.79
2024-07-04,Emp 2006,Project C,6.76
2024-07-04,Emp 2007,Internal,7.93
2024-07-04,Emp 2008,Internal,6.07
2024-07-04,Emp 2009,Internal,7.31
2024-07-04,Emp 2010,Project C,4.87
2024-07-05,Emp 2001,Project C,4.84
2024-07-05,Emp 2002,Project B,7.01
2024-07-05,Emp 2003,Project B,7.23
2024-07-05,Emp 2004,Internal,8.62
2024-07-05,Emp 2005,Project C,4.35
2024-07-05,Emp 2006,Project C,5.81
2024-07-05,Emp 2007,Project C,4.5
2024-07-05,Emp 2008,Project C,3.48
2024-07-05,Emp 2009,Internal,5.42
2024-07-05,Emp 2010,Project C,5.24
2024-07-06,Emp 2001,Project C,4.62
2024-07-06,Emp 2002,Project C,4.78
2024-07-06,Emp 2003,Project B,5.16
2024-07-06,Emp 2004,Project B,8.93
2024-07-06,Emp 2005,Project C,7.7
2024-07-06,Emp 2006,Project A,3.43
2024-07-06,Emp 2007,Project A,8.23
2024-07-06,Emp 2008,Internal,6.8
2024-07-06,Emp 2009,Project C,8.34
2024-07-06,Emp 2010,Project A,5.05
2024-07-07,Emp 2001,Project B,5.79
2024-07-07,Emp 2002,Project A,8.38
2024-07-07,Emp 2003,Project A,4.64
2024-07-07,Emp 2004,Project A,8.49
2024-07-07,Emp 2005,Project B,7.97
2024-07-07,Emp 2006,Project C,8.88
2024-07-07,Emp 2007,Project C,4.95
2024-07-07,Emp 2008,Project B,4.41
2024-07-07,Emp 2009,Project B,4.99
2024-07-07,Emp 2010,Project A,8.73
2024-07-08,Emp 2001,Project B,5.0
2024-07-08,Emp 2002,Project B,6.39
2024-07-08,Emp 2003,Project A,5.42
2024-07-08,Emp 2004,Project C,5.38
2024-07-08,Emp 2005,Project C,4.16
2024-07-08,Emp 2006,Project A,6.22
2024-07-08,Emp 2007,Project B,8.1
2024-07-08,Emp 2008,Project A,3.3
2024-07-08,Emp 2009,Project C,8.34
2024-07-08,Emp 2010,Project C,6.99
2024-07-09,Emp 2001,Internal,6.7
2024-07-09,Emp 2002,Project A,6.76
2024-07-09,Emp 2003,Project B,4.78
2024-07-09,Emp 2004,Internal,5.49
2024-07-09,Emp 2005,Project B,7.8
2024-07-09,Emp 2006,Project A,4.84
2024-07-09,Emp 2007,Project C,5.82
2024-07-09,Emp 2008,Project C,3.12
2024-07-09,Emp 2009,Project C,7.4
2024-07-09,Emp 2010,Internal,5.51
2024-07-10,Emp 2001,Internal,6.15
2024-07-10,Emp 2002,Internal,3.69
2024-07-10,Emp 2003,Project B,8.95
2024-07-10,Emp 2004,Internal,4.81
2024-07-10,Emp 2005,Project B,6.81
2024-07-10,Emp 2006,Internal,6.49
2024-07-10,Emp 2007,Internal,7.71
2024-07-10,Emp 2008,Internal,4.76
2024-07-10,Emp 2009,Project C,7.54
2024-07-10,Emp 2010,Internal,5.3
2024-07-11,Emp 2001,Project B,5.47
2024-07-11,Emp 2002,Project A,7.04
2024-07-11,Emp 2003,Project B,7.71
2024-07-11,Emp 2004,Project C,7.0
2024-07-11,Emp 2005,Project B,8.4
2024-07-11,Emp 2006,Project C,4.71
2024-07-11,Emp 2007,Project C,8.4
2024-07-11,Emp 2008,Project B,3.79
2024-07-11,Emp 2009,Project A,6.96
2024-07-11,Emp 2010,Project B,6.29
2024-07-12,Emp 2001,Project B,5.97
2024-07-12,Emp 2002,Project A,4.87
2024-07-12,Emp 2003,Project B,6.02
2024-07-12,Emp 2004,Project B,3.97
2024-07-12,Emp 2005,Project A,5.22
2024-07-12,Emp 2006,Project B,3.59
2024-07-12,Emp 2007,Project B,6.43
2024-07-12,Emp 2008,Project B,3.57
2024-07-12,Emp 2009,Project A,3.96
2024-07-12,Emp 2010,Project C,3.51
2024-07-13,Emp 2001,Project A,5.29
2024-07-13,Emp 2002,Project A,8.05
2024-07-13,Emp 2003,Internal,8.44
2024-07-13,Emp 2004,Project A,3.43
2024-07-13,Emp 2005,Project A,6.81
2024-07-13,Emp 2006,Project B,7.11
2024-07-13,Emp 2007,Internal,6.2
2024-07-13,Emp 2008,Project C,7.0
2024-07-13,Emp 2009,Internal,4.4
2024-07-13,Emp 2010,Project B,5.94
2024-07-14,Emp 2001,Project B,5.35
2024-07-14,Emp 2002,Internal,3.54
2024-07-14,Emp 2003,Project C,6.75
2024-07-14,Emp 2004,Project A,5.97
2024-07-14,Emp 2005,Project B,4.65
2024-07-14,Emp 2006,Internal,5.84
2024-07-14,Emp 2007,Internal,7.65
2024-07-14,Emp 2008,Project A,7.81
2024-07-14,Emp 2009,Internal,6.9
2024-07-14,Emp 2010,Project B,5.81
2024-07-15,Emp 2001,Project B,6.45
2024-07-15,Emp 2002,Project C,5.31
2024-07-15,Emp 2003,Internal,3.76
2024-07-15,Emp 2004,Internal,5.31
2024-07-15,Emp 2005,Project C,6.18
2024-07-15,Emp 2006,Project C,6.59
2024-07-15,Emp 2007,Project C,8.61
2024-07-15,Emp 2008,Project C,7.66
2024-07-15,Emp 2009,Internal,3.91
2024-07-15,Emp 2010,Project B,4.05
2024-07-16,Emp 2001,Internal,3.6
2024-07-16,Emp 2002,Project B,7.43
2024-07-16,Emp 2003,Project A,7.24
2024-07-16,Emp 2004,Project C,8.92
2024-07-16,Emp 2005,Project B,6.13
2024-07-16,Emp 2006,Project A,7.96
2024-07-16,Emp 2007,Internal,6.46
2024-07-16,Emp 2008,Internal,8.24
2024-07-16,Emp 2009,Project B,7.33
2024-07-16,Emp 2010,Project A,6.86
2024-07-17,Emp 2001,Internal,6.39
2024-07-17,Emp 2002,Project A,7.34
2024-07-17,Emp 2003,Project B,5.52
2024-07-17,Emp 2004,Internal,3.58
2024-07-17,Emp 2005,Project A,3.24
2024-07-17,Emp 2006,Internal,5.87
2024-07-17,Emp 2007,Project B,6.6
2024-07-17,Emp 2008,Project A,3.47
2024-07-17,Emp 2009,Internal,4.72
2024-07-17,Emp 2010,Project B,4.93
2024-07-18,Emp 2001,Project B,6.38
2024-07-18,Emp 2002,Internal,4.67
2024-07-18,Emp 2003,Project B,3.57
2024-07-18,Emp 2004,Project B,3.99
2024-07-18,Emp 2005,Project A,4.04
2024-07-18,Emp 2006,Project C,8.06
2024-07-18,Emp 2007,Project B,4.71
2024-07-18,Emp 2008,Project B,7.29
2024-07-18,Emp 2009,Project B,6.41
2024-07-18,Emp 2010,Project B,8.86
2024-07-19,Emp 2001,Internal,4.64
2024-07-19,Emp 2002,Project B,3.95
2024-07-19,Emp 2003,Project A,3.31
2024-07-19,Emp 2004,Internal,4.45
2024-07-19,Emp 2005,Project C,7.1
2024-07-19,Emp 2006,Project A,3.51
2024-07-19,Emp 2007,Project C,4.47
2024-07-19,Emp 2008,Project B,8.13
2024-07-19,Emp 2009,Project B,6.5
2024-07-19,Emp 2010,Project B,3.42
2024-07-20,Emp 2001,Project B,3.29
2024-07-20,Emp 2002,Project C,3.37
2024-07-20,Emp 2003,Project C,8.65
2024-07-20,Emp 2004,Project B,8.1
2024-07-20,Emp 2005,Project B,8.07
2024-07-20,Emp 2006,Project C,8.55
2024-07-20,Emp 2007,Project C,6.03
2024-07-20,Emp 2008,Project C,4.48
2024-07-20,Emp 2009,Internal,5.41
2024-07-20,Emp 2010,Project A,7.31
2024-07-21,Emp 2001,Internal,8.26
2024-07-21,Emp 2002,Internal,5.61
2024-07-21,Emp 2003,Internal,6.21
2024-07-21,Emp 2004,Project B,8.59
2024-07-21,Emp 2005,Project B,3.64
2024-07-21,Emp 2006,Internal,8.17
2024-07-21,Emp 2007,Project C,3.96
2024-07-21,Emp 2008,Project B,5.9
2024-07-21,Emp 2009,Project A,4.31
2024-07-21,Emp 2010,Project C,6.62
2024-07-22,Emp 2001,Project C,6.35
2024-07-22,Emp 2002,Project C,5.28
2024-07-22,Emp 2003,Internal,8.18
2024-07-22,Emp 2004,Project A,6.96
2024-07-22,Emp 2005,Project B,7.33
2024-07-22,Emp 2006,Internal,3.9
2024-07-22,Emp 2007,Internal,8.3
2024-07-22,Emp 2008,Project A,4.0
2024-07-22,Emp 2009,Project B,4.34
2024-07-22,Emp 2010,Project B,3.77
2024-07-23,Emp 2001,Internal,5.64
2024-07-23,Emp 2002,Project A,8.33
2024-07-23,Emp 2003,Project B,4.51
2024-07-23,Emp 2004,Project A,5.24
2024-07-23,Emp 2005,Project C,8.08
2024-07-23,Emp 2006,Project B,6.71
2024-07-23,Emp 2007,Internal,7.51
2024-07-23,Emp 2008,Internal,4.28
2024-07-23,Emp 2009,Project A,7.3
2024-07-23,Emp 2010,Project B,4.37
2024-07-24,Emp 2001,Internal,8.92
2024-07-24,Emp 2002,Project C,6.36
2024-07-24,Emp 2003,Project B,7.17
2024-07-24,Emp 2004,Project B,3.71
2024-07-24,Emp 2005,Project B,4.5
2024-07-24,Emp 2006,Project B,3.84
2024-07-24,Emp 2007,Project A,5.34
2024-07-24,Emp 2008,Project A,4.7
2024-07-24,Emp 2009,Project B,7.4
2024-07-24,Emp 2010,Project C,3.65
2024-07-25,Emp 2001,Internal,7.51
2024-07-25,Emp 2002,Project A,3.27
2024-07-25,Emp 2003,Project B,4.21
2024-07-25,Emp 2004,Project B,7.75
2024-07-25,Emp 2005,Project A,7.46
2024-07-25,Emp 2006,Project A,5.86
2024-07-25,Emp 2007,Project C,3.3
2024-07-25,Emp 2008,Internal,6.66
2024-07-25,Emp 2009,Internal,5.44
2024-07-25,Emp 2010,Internal,4.9
2024-07-26,Emp 2001,Project C,6.84
2024-07-26,Emp 2002,Project B,5.62
2024-07-26,Emp 2003,Project C,3.55
2024-07-26,Emp 2004,Project C,8.5
2024-07-26,Emp 2005,Project B,7.67
2024-07-26,Emp 2006,Project B,3.34
2024-07-26,Emp 2007,Internal,6.15
2024-07-26,Emp 2008,Project A,3.5
2024-07-26,Emp 2009,Project A,8.02
2024-07-26,Emp 2010,Project B,6.68
2024-07-27,Emp 2001,Project A,4.03
2024-07-27,Emp 2002,Project C,3.12
2024-07-27,Emp 2003,Project C,3.19
2024-07-27,Emp 2004,Project B,6.04
2024-07-27,Emp 2005,Internal,7.41
2024-07-27,Emp 2006,Project A,3.73
2024-07-27,Emp 2007,Project C,4.33
2024-07-27,Emp 2008,Project A,4.96
2024-07-27,Emp 2009,Internal,4.31
2024-07-27,Emp 2010,Project A,5.35
2024-07-28,Emp 2001,Project C,6.36
2024-07-28,Emp 2002,Project B,7.11
2024-07-28,Emp 2003,Project B,8.78
2024-07-28,Emp 2004,Project A,8.59
2024-07-28,Emp 2005,Project A,6.42
2024-07-28,Emp 2006,Project B,7.4
2024-07-28,Emp 2007,Project B,8.71
2024-07-28,Emp 2008,Project C,3.5
2024-07-28,Emp 2009,Project A,3.03
2024-07-28,Emp 2010,Project A,3.18
2024-07-29,Emp 2001,Project C,6.38
2024-07-29,Emp 2002,Project B,7.58
2024-07-29,Emp 2003,Internal,5.2
2024-07-29,Emp 2004,Project C,6.27
2024-07-29,Emp 2005,Project B,6.1
2024-07-29,Emp 2006,Project A,3.57
2024-07-29,Emp 2007,Project B,4.93
2024-07-29,Emp 2008,Project A,3.12
2024-07-29,Emp 2009,Internal,3.66
2024-07-29,Emp 2010,Internal,7.87
2024-07-30,Emp 2001,Project A,7.98
2024-07-30,Emp 2002,Project B,7.81
2024-07-30,Emp 2003,Internal,7.36
2024-07-30,Emp 2004,Project A,7.76
2024-07-30,Emp 2005,Project A,7.03
2024-07-30,Emp 2006,Project B,7.02
2024-07-30,Emp 2007,Internal,7.0
2024-07-30,Emp 2008,Project A,6.08
2024-07-30,Emp 2009,Project B,5.18
2024-07-30,Emp 2010,Project B,7.38
