TxnID,Date,Account,Type,Amount
1,2024-05-07,Cash,Debit,42044.97
2,2024-05-23,Bank,Debit,43392.23
3,2024-05-22,Salaries,Credit,54615.73
4,2024-04-12,COGS,Credit,25949.29
5,2024-04-07,Salaries,Debit,29976.52
6,2024-07-07,Cash,Debit,82315.76
7,2024-04-17,Expenses,Debit,61169.42
8,2024-04-29,Cash,Debit,82074.09
9,2024-05-24,COGS,Credit,46837.02
10,2024-07-23,Cash,Debit,19920.7
11,2024-07-15,Bank,Debit,92450.57
12,2024-04-23,Cash,Debit,20713.25
13,2024-07-29,COGS,Debit,68038.1
14,2024-05-17,Salaries,Credit,62817.08
15,2024-04-23,Salaries,Credit,25112.27
16,2024-04-21,Bank,Debit,39016.36
17,2024-04-17,Expenses,Debit,3721.86
18,2024-04-14,Cash,Credit,43068.82
19,2024-05-20,Expenses,Debit,35987.19
20,2024-04-06,COGS,Credit,97695.45
21,2024-04-06,Sales,Debit,79178.23
22,2024-06-08,Expenses,Debit,49174.75
23,2024-06-16,Salaries,Debit,95246.83
24,2024-04-01,COGS,Credit,27623.25
25,2024-04-27,Expenses,Debit,67435.22
26,2024-04-03,Bank,Credit,24496.03
27,2024-07-06,Bank,Debit,5898.83
28,2024-05-15,Cash,Credit,74447.75
29,2024-05-28,Cash,Credit,81726.79
30,2024-06-26,Salaries,Debit,59317.95
31,2024-04-29,Sales,Debit,32433.91
32,2024-05-24,Expenses,Credit,47344.11
33,2024-07-26,Bank,Debit,28806.63
34,2024-07-23,Expenses,Credit,10148.51
35,2024-05-06,COGS,Debit,5643.52
36,2024-05-07,Cash,Debit,99584.98
37,2024-07-28,Salaries,Credit,79245.84
38,2024-06-18,Sales,Credit,37677.36
39,2024-04-06,Cash,Debit,51317.13
40,2024-07-27,Bank,Credit,61438.11
41,2024-07-21,Bank,Credit,14551.02
42,2024-06-23,Cash,Debit,85469.2
43,2024-04-15,Bank,Credit,19650.28
44,2024-05-28,Cash,Debit,14970.79
45,2024-05-22,Sales,Debit,37612.17
46,2024-06-02,COGS,Credit,10130.07
47,2024-05-14,Expenses,Credit,17436.34
48,2024-07-27,Expenses,Credit,62573.1
49,2024-05-14,COGS,Credit,55706.73
50,2024-04-28,Bank,Debit,91893.32
51,2024-04-18,Cash,Credit,95976.0
52,2024-05-30,Cash,Debit,52343.53
53,2024-05-19,Cash,Debit,57206.81
54,2024-06-12,COGS,Debit,97120.32
55,2024-05-21,COGS,Debit,45027.76
56,2024-07-22,Sales,Debit,95684.0
57,2024-04-07,COGS,Debit,88418.6
58,2024-04-18,Expenses,Credit,53806.81
59,2024-04-30,Sales,Debit,22583.33
60,2024-07-20,Bank,Debit,67073.25
61,2024-07-22,COGS,Debit,52798.7
62,2024-06-02,COGS,Credit,33973.78
63,2024-07-11,Expenses,Debit,80052.45
64,2024-05-13,COGS,Debit,11815.45
65,2024-06-20,Bank,Debit,21826.69
66,2024-04-22,Sales,Debit,93167.65
67,2024-05-31,Sales,Credit,52056.98
68,2024-07-24,Sales,Debit,14056.27
69,2024-06-27,Salaries,Debit,77920.95
70,2024-04-21,Bank,Credit,73018.14
71,2024-04-21,Cash,Debit,58535.12
72,2024-07-28,Cash,Debit,42608.02
73,2024-04-27,Cash,Credit,88210.56
74,2024-07-06,COGS,Credit,17211.93
75,2024-07-01,Expenses,Credit,95839.02
76,2024-05-01,Sales,Credit,55400.52
77,2024-06-23,Sales,Debit,66663.9
78,2024-04-15,Sales,Credit,30342.66
79,2024-06-19,Expenses,Credit,75538.79
80,2024-07-07,Sales,Credit,86674.16
81,2024-06-18,COGS,Debit,48907.26
82,2024-04-02,Bank,Credit,7281.42
83,2024-06-13,COGS,Debit,8112.75
84,2024-06-05,Bank,Credit,95370.28
85,2024-04-19,COGS,Credit,10078.64
86,2024-07-22,Cash,Debit,51813.04
87,2024-05-25,Cash,Debit,71538.62
88,2024-07-21,Cash,Debit,37566.57
89,2024-07-23,Cash,Debit,42607.49
90,2024-06-04,Cash,Credit,87412.4
91,2024-06-18,Expenses,Debit,33406.37
92,2024-04-21,Cash,Credit,88640.94
93,2024-06-26,COGS,Credit,86082.82
94,2024-06-13,Cash,Credit,84794.25
95,2024-05-14,Bank,Credit,28418.43
96,2024-04-25,Expenses,Debit,57485.93
97,2024-06-29,Expenses,Debit,78652.32
98,2024-06-25,Expenses,Debit,32651.82
99,2024-07-21,Salaries,Credit,96767.94
100,2024-04-10,COGS,Debit,40287.05
101,2024-06-12,Bank,Debit,84969.42
102,2024-07-08,Salaries,Debit,83900.72
103,2024-07-04,Sales,Debit,61345.92
104,2024-05-08,COGS,Debit,94201.85
105,2024-07-02,Bank,Debit,87101.97
106,2024-07-27,COGS,Credit,71189.61
107,2024-05-23,Cash,Debit,93954.14
108,2024-04-23,Cash,Credit,61362.8
109,2024-05-16,Salaries,Debit,44109.61
110,2024-06-23,Sales,Debit,12617.56
111,2024-05-22,Cash,Credit,80089.21
112,2024-06-28,Sales,Credit,88159.33
113,2024-07-28,COGS,Credit,53418.69
114,2024-05-20,Bank,Credit,7479.65
115,2024-04-28,Bank,Debit,71800.45
116,2024-05-29,Salaries,Debit,62209.55
117,2024-05-14,Cash,Debit,17071.3
118,2024-07-11,Expenses,Credit,28334.3
119,2024-05-17,Bank,Credit,79727.97
120,2024-04-25,Expenses,Credit,75592.61
121,2024-04-15,COGS,Credit,11137.33
122,2024-05-21,Salaries,Credit,52838.19
123,2024-07-18,Expenses,Credit,88458.68
124,2024-06-16,COGS,Debit,44493.8
125,2024-07-11,Bank,Debit,11972.03
126,2024-07-17,Expenses,Debit,29303.72
127,2024-04-07,Sales,Debit,70698.77
128,2024-05-26,Salaries,Debit,72616.78
129,2024-04-23,Expenses,Credit,34309.04
130,2024-07-14,Bank,Credit,45298.21
131,2024-05-23,Sales,Credit,2860.21
132,2024-07-05,COGS,Credit,18144.65
133,2024-04-20,Bank,Debit,6170.85
134,2024-07-28,Sales,Debit,58979.16
135,2024-06-02,Expenses,Debit,73083.57
136,2024-07-12,Bank,Credit,23838.36
137,2024-04-01,Cash,Debit,11448.88
138,2024-07-02,Cash,Credit,81519.28
139,2024-07-01,COGS,Credit,63329.92
140,2024-07-05,COGS,Debit,70891.18
141,2024-06-04,Sales,Credit,63302.67
142,2024-04-04,Salaries,Debit,16923.95
143,2024-04-30,Cash,Debit,92123.73
144,2024-06-22,Cash,Credit,51197.53
145,2024-05-24,Expenses,Credit,44423.45
146,2024-04-25,Salaries,Credit,7759.57
147,2024-04-23,Cash,Credit,94493.08
148,2024-05-27,Cash,Debit,11903.74
149,2024-05-22,Salaries,Credit,2563.14
150,2024-06-13,Expenses,Debit,54366.78
151,2024-07-27,Expenses,Debit,7586.91
152,2024-07-08,Salaries,Credit,92063.36
153,2024-04-01,Expenses,Debit,94029.4
154,2024-04-24,Sales,Debit,3484.16
155,2024-05-06,Salaries,Debit,36709.02
156,2024-05-02,Sales,Debit,57250.33
157,2024-06-19,Cash,Credit,1815.58
158,2024-07-25,Expenses,Debit,81217.6
159,2024-07-29,Expenses,Credit,1108.03
160,2024-05-28,Salaries,Credit,87695.62
161,2024-06-06,COGS,Credit,96566.01
162,2024-07-15,Salaries,Debit,99470.45
163,2024-06-12,Salaries,Debit,56597.34
164,2024-05-23,Bank,Credit,84679.74
165,2024-04-30,Expenses,Credit,18186.93
166,2024-04-21,Salaries,Debit,32209.99
167,2024-07-19,COGS,Credit,84719.99
168,2024-05-18,Expenses,Credit,27686.03
169,2024-04-20,Cash,Credit,97720.57
170,2024-05-01,COGS,Debit,86700.67
171,2024-07-16,Bank,Debit,56039.89
172,2024-04-20,COGS,Credit,54938.97
173,2024-06-25,Cash,Credit,43314.17
174,2024-06-21,COGS,Credit,20165.04
175,2024-05-04,Bank,Debit,11344.2
176,2024-05-25,Bank,Credit,30562.97
177,2024-04-01,COGS,Debit,47610.18
178,2024-07-12,Bank,Credit,9976.75
179,2024-07-04,Expenses,Debit,26113.26
180,2024-07-08,Expenses,Credit,53779.75
181,2024-05-22,Cash,Debit,72663.07
182,2024-06-02,Salaries,Credit,82785.17
183,2024-06-26,Bank,Credit,54374.42
184,2024-04-09,Salaries,Debit,95361.87
185,2024-04-08,Cash,Debit,20847.64
186,2024-06-15,COGS,Debit,64507.21
187,2024-04-15,Expenses,Credit,83458.84
188,2024-05-08,Expenses,Debit,98134.7
189,2024-05-16,Cash,Debit,15139.03
190,2024-05-31,COGS,Debit,40792.76
191,2024-06-06,Bank,Debit,57964.08
192,2024-04-26,Salaries,Credit,37182.1
193,2024-07-17,Cash,Debit,27529.81
194,2024-05-09,Bank,Credit,24684.8
195,2024-04-21,Salaries,Credit,27645.39
196,2024-05-18,Bank,Debit,16664.04
197,2024-06-16,Cash,Credit,19513.2
198,2024-07-14,Cash,Credit,36228.37
199,2024-04-18,Salaries,Debit,77337.55
200,2024-04-06,Cash,Credit,56091.3
201,2024-04-28,Sales,Credit,50718.15
202,2024-04-21,Expenses,Debit,40432.93
203,2024-07-22,Bank,Debit,18188.18
204,2024-05-30,COGS,Credit,10145.64
205,2024-05-01,Expenses,Debit,97915.48
206,2024-04-02,Expenses,Credit,65390.72
207,2024-07-03,Expenses,Credit,25420.02
208,2024-04-07,COGS,Debit,27364.88
209,2024-04-19,Expenses,Debit,85644.39
210,2024-04-15,Cash,Debit,29761.56
211,2024-04-14,Sales,Debit,34359.22
212,2024-07-02,COGS,Credit,75831.83
213,2024-04-06,Sales,Credit,40192.41
214,2024-07-01,Salaries,Debit,25374.67
215,2024-04-20,Bank,Debit,17066.96
216,2024-05-30,COGS,Debit,80998.85
217,2024-05-31,Sales,Credit,99765.27
218,2024-07-14,Cash,Debit,21532.57
219,2024-07-21,Bank,Credit,33040.14
220,2024-06-06,Salaries,Credit,35278.63
221,2024-07-23,Bank,Credit,30212.35
222,2024-05-24,Expenses,Debit,76645.66
223,2024-05-19,COGS,Credit,71286.54
224,2024-05-12,Expenses,Credit,83575.96
225,2024-07-11,Salaries,Debit,90913.19
226,2024-06-10,Sales,Debit,94694.91
227,2024-07-22,Expenses,Credit,22378.96
228,2024-07-02,Bank,Debit,34516.95
229,2024-07-19,Sales,Debit,43701.2
230,2024-05-18,Expenses,Credit,72898.2
231,2024-07-09,Cash,Credit,33157.77
232,2024-07-09,COGS,Debit,65515.65
233,2024-04-23,COGS,Debit,20681.14
234,2024-06-02,Bank,Credit,14765.01
235,2024-07-08,Sales,Debit,6735.0
236,2024-06-12,Sales,Credit,50206.26
237,2024-07-12,Sales,Debit,17157.87
238,2024-06-18,COGS,Credit,56528.43
239,2024-04-23,Bank,Credit,92495.76
240,2024-04-21,Salaries,Debit,66859.12
241,2024-06-29,Expenses,Credit,57434.04
242,2024-05-04,Salaries,Credit,41254.77
243,2024-05-01,Expenses,Credit,71056.26
244,2024-06-07,COGS,Debit,93787.91
245,2024-07-18,Salaries,Credit,80879.94
246,2024-07-16,Expenses,Credit,6742.43
247,2024-07-12,Cash,Credit,47305.81
248,2024-04-06,COGS,Credit,38265.28
249,2024-04-27,Bank,Debit,11316.05
250,2024-07-07,COGS,Debit,94438.79
251,2024-06-26,Bank,Credit,67310.05
252,2024-06-27,Cash,Credit,26355.15
253,2024-06-07,Bank,Debit,30108.94
254,2024-04-17,Sales,Debit,35129.86
255,2024-04-10,Salaries,Credit,10307.02
256,2024-06-30,Sales,Debit,18034.88
257,2024-07-29,Cash,Debit,26476.31
258,2024-04-15,Sales,Credit,14112.69
259,2024-07-21,Expenses,Debit,29981.7
260,2024-07-13,Expenses,Debit,54394.6
261,2024-05-28,COGS,Debit,54470.71
262,2024-06-03,Sales,Credit,5221.91
263,2024-04-26,COGS,Debit,90805.48
264,2024-06-05,Expenses,Credit,56207.09
265,2024-04-13,Expenses,Debit,56219.37
266,2024-07-28,COGS,Debit,43480.25
267,2024-07-24,Expenses,Debit,72612.72
268,2024-05-27,Cash,Credit,22014.87
269,2024-05-26,Cash,Debit,38810.99
270,2024-05-05,Cash,Debit,41978.08
271,2024-06-16,Sales,Debit,96114.28
272,2024-06-17,Bank,Credit,9412.07
273,2024-04-22,Cash,Debit,57318.25
274,2024-05-10,Bank,Credit,18795.79
275,2024-04-05,Salaries,Credit,84928.75
276,2024-06-25,Cash,Credit,42219.81
277,2024-07-01,Bank,Debit,95495.3
278,2024-05-17,Cash,Credit,43163.02
279,2024-06-14,Sales,Debit,36446.12
280,2024-06-03,COGS,Credit,39752.94
281,2024-06-09,Salaries,Debit,8193.39
282,2024-04-16,Bank,Credit,99599.51
283,2024-07-07,Sales,Credit,15394.94
284,2024-06-06,COGS,Debit,18671.58
285,2024-05-25,Sales,Debit,58220.37
286,2024-07-25,Expenses,Debit,55596.31
287,2024-04-01,COGS,Credit,50136.41
288,2024-07-20,Salaries,Debit,91655.19
289,2024-05-22,Bank,Credit,22053.96
290,2024-07-16,Sales,Debit,14915.34
291,2024-04-13,Expenses,Credit,8640.31
292,2024-04-27,COGS,Debit,17106.28
293,2024-05-11,COGS,Credit,63192.19
294,2024-04-10,Salaries,Debit,3318.31
295,2024-05-04,Expenses,Debit,21054.88
296,2024-05-11,Salaries,Credit,66541.24
297,2024-04-02,Expenses,Debit,76178.0
298,2024-04-16,Expenses,Debit,42747.52
299,2024-06-11,COGS,Credit,11945.49
300,2024-07-23,Expenses,Debit,89730.69
301,2024-04-28,Cash,Credit,38870.83
302,2024-07-06,Cash,Credit,41245.16
303,2024-06-06,Sales,Credit,25125.79
304,2024-04-18,Expenses,Debit,27119.86
305,2024-04-06,Bank,Credit,60358.56
306,2024-05-12,Expenses,Debit,82761.83
307,2024-04-09,COGS,Credit,20825.17
308,2024-05-04,Sales,Credit,93256.34
309,2024-07-22,Expenses,Debit,27265.76
310,2024-07-09,Salaries,Credit,97512.68
311,2024-07-04,Salaries,Credit,93797.3
312,2024-05-31,Sales,Credit,10123.07
313,2024-05-16,Expenses,Credit,33912.53
314,2024-06-05,Salaries,Debit,72603.31
315,2024-07-12,Sales,Credit,33674.23
316,2024-07-21,Expenses,Credit,12200.69
317,2024-07-27,Sales,Debit,48419.68
318,2024-07-25,Cash,Debit,31625.77
319,2024-06-26,Expenses,Debit,33930.11
320,2024-07-20,Salaries,Debit,86992.94
321,2024-05-24,Cash,Credit,26648.06
322,2024-07-01,Sales,Debit,4785.13
323,2024-05-20,Salaries,Credit,3753.32
324,2024-07-25,Salaries,Debit,3536.92
325,2024-07-19,Sales,Debit,32614.35
326,2024-06-11,Cash,Credit,18501.23
327,2024-06-07,Cash,Credit,58160.42
328,2024-04-03,Salaries,Debit,68511.06
329,2024-05-13,Bank,Credit,73891.4
330,2024-04-12,Bank,Credit,98644.01
331,2024-07-03,Sales,Debit,16872.48
332,2024-06-27,COGS,Debit,96940.23
333,2024-05-17,Cash,Credit,60170.71
334,2024-04-26,Sales,Credit,85034.22
335,2024-06-14,Expenses,Debit,53996.71
336,2024-05-06,COGS,Credit,14427.72
337,2024-04-29,Cash,Debit,17527.21
338,2024-07-26,Cash,Credit,6560.09
339,2024-06-29,Bank,Credit,44784.42
340,2024-04-20,Expenses,Credit,55796.07
341,2024-04-14,Bank,Debit,71993.54
342,2024-04-13,Sales,Credit,40511.19
343,2024-07-24,COGS,Credit,74774.55
344,2024-05-04,Salaries,Credit,53298.24
345,2024-07-13,COGS,Credit,82398.67
346,2024-07-28,COGS,Debit,233.23
347,2024-05-28,Sales,Credit,65269.39
348,2024-06-11,Sales,Debit,97124.76
349,2024-07-28,Cash,Credit,83829.44
350,2024-05-12,Sales,Credit,9375.22
351,2024-05-27,Sales,Credit,64877.6
352,2024-05-08,COGS,Credit,53689.31
353,2024-05-31,Expenses,Debit,23538.76
354,2024-05-24,Expenses,Credit,63415.46
355,2024-04-04,Sales,Credit,17801.66
356,2024-07-02,Bank,Debit,93197.08
357,2024-07-09,Expenses,Debit,14183.84
358,2024-06-24,COGS,Debit,18737.14
359,2024-04-04,Bank,Credit,22848.18
360,2024-06-29,Sales,Credit,10419.72
361,2024-04-02,COGS,Debit,12699.0
362,2024-05-27,Salaries,Debit,88770.14
363,2024-07-21,COGS,Credit,68370.52
364,2024-05-12,Salaries,Credit,33968.95
365,2024-06-28,Cash,Debit,92778.44
366,2024-05-28,COGS,Credit,65947.08
367,2024-05-05,Expenses,Credit,57186.72
368,2024-05-11,Bank,Debit,65192.73
369,2024-07-13,Cash,Credit,96095.65
370,2024-06-18,Bank,Debit,67982.78
371,2024-04-19,Cash,Debit,51038.27
372,2024-04-17,Bank,Credit,18423.29
373,2024-07-02,Bank,Credit,74412.14
374,2024-05-26,COGS,Credit,78065.92
375,2024-05-11,Salaries,Credit,39335.74
376,2024-06-08,Sales,Credit,24846.33
377,2024-06-12,Bank,Credit,4530.25
378,2024-05-11,Expenses,Debit,81006.17
379,2024-05-14,COGS,Debit,56587.81
380,2024-06-06,Cash,Debit,55542.04
381,2024-07-07,Bank,Credit,19838.7
382,2024-06-19,Salaries,Debit,36469.88
383,2024-06-17,Cash,Credit,90128.79
384,2024-06-16,Expenses,Credit,93412.58
385,2024-05-23,Expenses,Credit,64459.72
386,2024-05-01,Cash,Debit,13239.37
387,2024-04-20,Expenses,Debit,23153.76
388,2024-04-18,Cash,Credit,87276.41
389,2024-07-05,Expenses,Credit,23060.07
390,2024-06-29,COGS,Credit,38205.96
391,2024-04-28,Expenses,Debit,87328.62
392,2024-06-23,Bank,Debit,31895.83
393,2024-06-16,Bank,Credit,65243.06
394,2024-07-21,COGS,Debit,84613.53
395,2024-07-13,Sales,Credit,62861.12
396,2024-07-28,Bank,Credit,85287.72
397,2024-05-06,Sales,Debit,78608.1
398,2024-07-14,Salaries,Credit,61958.87
399,2024-04-08,Cash,Debit,23339.89
400,2024-07-14,Salaries,Debit,89944.01
401,2024-06-05,Bank,Debit,81330.47
402,2024-04-27,Bank,Credit,76429.15
403,2024-06-03,Bank,Credit,53035.64
404,2024-06-03,Sales,Debit,73347.16
405,2024-07-11,COGS,Credit,49458.66
406,2024-04-17,Salaries,Credit,30929.91
407,2024-05-22,Expenses,Debit,87680.28
408,2024-05-12,COGS,Credit,62728.94
409,2024-07-26,Salaries,Debit,73395.48
410,2024-07-04,Sales,Credit,33102.73
411,2024-07-11,Expenses,Debit,55415.1
412,2024-04-12,Sales,Debit,5589.85
413,2024-04-19,Cash,Debit,55143.83
414,2024-04-17,Expenses,Credit,48158.61
415,2024-05-09,Sales,Credit,73073.62
416,2024-04-12,Sales,Debit,98807.99
417,2024-04-15,Cash,Credit,61011.43
418,2024-05-06,Sales,Credit,47096.18
419,2024-07-17,Salaries,Credit,34552.89
420,2024-05-17,Sales,Credit,76794.23
421,2024-05-08,Sales,Debit,18494.59
422,2024-07-06,Bank,Debit,95152.58
423,2024-04-26,Cash,Debit,21577.72
424,2024-06-08,Bank,Debit,70006.93
425,2024-05-23,Salaries,Credit,91738.58
426,2024-04-02,Sales,Credit,72656.02
427,2024-06-08,Salaries,Debit,87911.33
428,2024-05-21,COGS,Credit,31292.23
429,2024-04-13,COGS,Debit,22090.93
430,2024-06-05,Bank,Credit,27750.33
431,2024-05-29,Salaries,Debit,86988.95
432,2024-07-26,COGS,Debit,77112.75
433,2024-07-17,Cash,Debit,77462.41
434,2024-04-15,Expenses,Credit,68622.57
435,2024-04-10,Salaries,Debit,10879.78
436,2024-06-28,Cash,Credit,90292.42
437,2024-04-08,Sales,Debit,52110.18
438,2024-04-22,Salaries,Debit,20308.57
439,2024-05-15,Cash,Credit,33571.41
440,2024-07-23,Bank,Debit,29595.18
441,2024-06-01,Sales,Credit,43617.09
442,2024-05-05,Salaries,Debit,72978.05
443,2024-04-05,Cash,Credit,91298.31
444,2024-06-09,Expenses,Debit,905.02
445,2024-04-08,Sales,Debit,88841.94
446,2024-06-24,Sales,Debit,81800.55
447,2024-04-15,Sales,Debit,83160.42
448,2024-05-23,Sales,Debit,64793.5
449,2024-07-12,Cash,Debit,59656.66
450,2024-05-09,Expenses,Debit,49439.75
451,2024-06-16,Salaries,Credit,42126.16
452,2024-07-12,COGS,Credit,70537.48
453,2024-04-11,Expenses,Credit,11308.92
454,2024-04-20,Expenses,Debit,29275.35
455,2024-04-08,COGS,Credit,97556.77
456,2024-06-08,Bank,Credit,6563.56
457,2024-07-20,Sales,Credit,75311.66
458,2024-07-20,Salaries,Credit,34762.01
459,2024-04-18,Sales,Credit,53036.93
460,2024-04-16,COGS,Debit,5294.14
461,2024-05-04,Expenses,Debit,44302.85
462,2024-05-16,Expenses,Credit,46616.63
463,2024-05-01,Salaries,Debit,25129.39
464,2024-07-12,COGS,Debit,38761.21
465,2024-06-04,COGS,Debit,2774.38
466,2024-04-25,Cash,Credit,87642.81
467,2024-06-21,Bank,Debit,42954.1
468,2024-06-06,Bank,Credit,79364.81
469,2024-07-04,Expenses,Credit,909.28
470,2024-07-23,Expenses,Credit,86528.42
471,2024-06-06,Expenses,Credit,78115.22
472,2024-05-14,Expenses,Debit,21605.75
473,2024-06-02,Salaries,Debit,68309.67
474,2024-07-27,Sales,Credit,49802.25
475,2024-06-12,COGS,Debit,85623.92
476,2024-07-10,COGS,Debit,66190.3
477,2024-05-11,Sales,Credit,44598.82
478,2024-04-09,Salaries,Debit,3478.75
479,2024-05-19,Sales,Credit,92780.45
480,2024-06-21,Bank,Debit,81505.21
481,2024-04-15,Cash,Credit,70924.52
482,2024-06-05,Salaries,Credit,24590.88
483,2024-07-14,Bank,Credit,16505.27
484,2024-06-07,Bank,Debit,64728.14
485,2024-07-19,Expenses,Debit,93005.48
486,2024-05-04,Expenses,Credit,93021.04
487,2024-05-30,Bank,Debit,33332.18
488,2024-05-14,Bank,Debit,19953.79
489,2024-05-06,Bank,Debit,94579.22
490,2024-05-15,Salaries,Credit,16244.8
491,2024-04-23,Cash,Credit,4730.69
492,2024-07-04,Bank,Debit,12506.33
493,2024-06-11,Bank,Debit,92791.44
494,2024-04-26,Salaries,Debit,97382.81
495,2024-06-07,Bank,Debit,41193.49
496,2024-05-21,Cash,Debit,99741.75
497,2024-05-18,Cash,Debit,85755.74
498,2024-06-12,Bank,Debit,70152.89
499,2024-07-24,Bank,Debit,83130.36
500,2024-04-19,Cash,Debit,6057.99
501,2024-04-19,Salaries,Credit,8413.45
502,2024-04-13,COGS,Credit,42290.56
503,2024-06-28,COGS,Debit,39428.25
504,2024-05-12,Cash,Debit,98415.55
505,2024-04-30,Expenses,Credit,25250.76
506,2024-04-18,Salaries,Credit,39103.29
507,2024-04-21,Cash,Debit,83442.12
508,2024-05-20,Expenses,Debit,4566.56
509,2024-04-06,Sales,Debit,87394.6
510,2024-06-05,Sales,Credit,92444.77
511,2024-05-27,Cash,Credit,21996.52
512,2024-07-16,Cash,Debit,71757.34
513,2024-05-18,Expenses,Credit,55338.78
514,2024-04-19,Sales,Debit,89999.32
515,2024-04-02,Salaries,Debit,34768.1
516,2024-04-17,Expenses,Debit,70445.06
517,2024-07-06,COGS,Credit,21722.66
518,2024-07-14,COGS,Debit,5360.31
519,2024-07-10,Bank,Credit,18972.49
520,2024-07-18,Sales,Credit,61951.24
521,2024-04-28,Expenses,Credit,51525.26
522,2024-06-23,Salaries,Debit,58457.76
523,2024-06-17,Cash,Debit,60147.57
524,2024-04-26,Bank,Debit,48441.96
525,2024-07-28,COGS,Credit,42961.89
526,2024-06-21,Bank,Debit,23108.44
527,2024-06-03,Sales,Credit,95330.16
528,2024-06-14,Sales,Credit,39651.52
529,2024-04-16,COGS,Debit,3075.1
530,2024-04-27,Sales,Debit,28630.21
531,2024-04-16,Salaries,Debit,53830.0
532,2024-06-15,COGS,Credit,31537.43
533,2024-06-06,Salaries,Credit,99517.67
534,2024-07-11,COGS,Credit,67247.65
535,2024-04-24,Cash,Debit,88587.59
536,2024-07-19,Cash,Credit,20506.05
537,2024-06-21,Sales,Credit,97185.26
538,2024-04-02,Cash,Debit,2236.75
539,2024-05-04,Salaries,Debit,90567.05
540,2024-07-21,Sales,Debit,1054.86
541,2024-04-23,COGS,Credit,90898.01
542,2024-06-06,Cash,Credit,42258.32
543,2024-04-30,Expenses,Credit,5917.95
544,2024-06-04,Expenses,Credit,45743.77
545,2024-07-27,Cash,Debit,68373.27
546,2024-07-08,Sales,Debit,24421.06
547,2024-04-10,COGS,Credit,93928.49
548,2024-05-08,Expenses,Debit,57055.04
549,2024-04-08,Sales,Debit,47298.79
550,2024-06-20,COGS,Credit,19975.08
551,2024-05-03,Bank,Credit,14880.68
552,2024-05-01,Expenses,Credit,57989.55
553,2024-06-05,Cash,Debit,30993.93
554,2024-05-29,Expenses,Credit,55778.77
555,2024-05-15,Expenses,Debit,74644.43
556,2024-05-20,COGS,Credit,13442.47
557,2024-07-01,Expenses,Debit,53394.63
558,2024-05-03,Sales,Debit,11074.99
559,2024-05-19,Sales,Credit,37529.82
560,2024-05-22,Bank,Credit,3452.56
561,2024-07-14,COGS,Debit,14175.87
562,2024-07-15,Expenses,Credit,84526.22
563,2024-06-25,COGS,Debit,87383.55
564,2024-04-07,Salaries,Debit,40852.74
565,2024-06-29,Bank,Debit,60970.29
566,2024-05-10,Cash,Debit,89290.06
567,2024-05-17,COGS,Credit,41842.42
568,2024-04-09,COGS,Debit,12126.26
569,2024-04-21,COGS,Debit,93613.74
570,2024-05-17,Sales,Debit,66177.94
571,2024-06-23,Expenses,Debit,57773.43
572,2024-04-16,Expenses,Credit,45024.0
573,2024-06-29,Bank,Debit,22269.37
574,2024-04-11,COGS,Credit,51322.37
575,2024-06-18,Sales,Credit,45460.79
576,2024-04-15,Cash,Credit,55791.71
577,2024-05-04,COGS,Credit,18608.29
578,2024-06-01,Sales,Debit,71947.74
579,2024-06-19,Salaries,Debit,49976.64
580,2024-05-19,COGS,Credit,68211.5
581,2024-04-28,COGS,Debit,14501.91
582,2024-05-07,Cash,Debit,241.68
583,2024-07-18,Expenses,Debit,59178.14
584,2024-06-27,Sales,Debit,97207.69
585,2024-04-29,Expenses,Credit,72363.53
586,2024-05-28,Bank,Credit,20259.78
587,2024-04-27,Sales,Debit,85298.17
588,2024-04-07,Bank,Debit,25043.14
589,2024-07-18,Expenses,Credit,1659.18
590,2024-07-15,Sales,Debit,47176.55
591,2024-05-29,COGS,Debit,53897.04
592,2024-04-26,Salaries,Credit,28562.37
593,2024-07-10,Salaries,Credit,86170.27
594,2024-04-14,Sales,Debit,99783.86
595,2024-04-09,Cash,Credit,9089.56
596,2024-04-17,Salaries,Credit,79840.56
597,2024-06-25,Sales,Credit,55895.76
598,2024-05-28,Cash,Credit,62269.1
599,2024-04-14,COGS,Debit,45368.32
600,2024-04-26,Cash,Debit,48233.95
601,2024-06-20,Bank,Credit,84966.81
602,2024-04-19,COGS,Debit,53471.42
603,2024-04-13,Salaries,Debit,78964.9
604,2024-04-23,Salaries,Debit,39026.63
605,2024-06-27,Cash,Credit,98386.21
606,2024-07-20,Bank,Credit,48708.01
607,2024-06-18,COGS,Credit,49098.79
608,2024-04-28,Cash,Credit,36419.27
609,2024-05-17,Bank,Debit,16940.06
610,2024-07-15,Bank,Credit,47314.06
611,2024-05-01,COGS,Debit,94692.05
612,2024-05-19,Expenses,Debit,34133.57
613,2024-05-07,Expenses,Credit,13000.73
614,2024-05-22,Salaries,Credit,7391.08
615,2024-07-01,Cash,Debit,74191.92
616,2024-05-13,Cash,Credit,58171.17
617,2024-05-10,Expenses,Debit,11091.12
618,2024-06-18,Bank,Credit,24766.96
619,2024-06-12,Salaries,Credit,49478.01
620,2024-04-30,Bank,Debit,41357.91
621,2024-07-19,Bank,Credit,89434.36
622,2024-04-30,Cash,Credit,12293.17
623,2024-06-04,Expenses,Credit,22886.08
624,2024-06-03,Cash,Credit,55733.37
625,2024-05-22,Cash,Debit,31500.06
626,2024-06-21,Sales,Debit,10310.91
627,2024-05-19,Cash,Debit,74836.21
628,2024-05-18,Expenses,Credit,39953.88
629,2024-07-09,Cash,Debit,94727.98
630,2024-05-16,COGS,Debit,41725.14
631,2024-05-07,Salaries,Debit,80785.19
632,2024-05-16,Sales,Debit,21276.95
633,2024-06-27,COGS,Debit,92546.13
634,2024-05-16,Salaries,Debit,95657.12
635,2024-05-05,Salaries,Credit,20708.55
636,2024-05-12,Bank,Credit,18677.73
637,2024-06-07,Cash,Debit,13640.55
638,2024-06-18,Bank,Debit,16447.82
639,2024-06-05,Cash,Credit,65715.07
640,2024-04-23,Cash,Credit,8178.89
641,2024-05-07,Expenses,Credit,68037.68
642,2024-06-10,Salaries,Debit,9583.71
643,2024-05-12,Cash,Credit,36479.4
644,2024-05-14,Sales,Debit,67874.82
645,2024-06-27,Expenses,Credit,13158.96
646,2024-07-16,Expenses,Credit,7970.33
647,2024-07-21,Salaries,Credit,67671.32
648,2024-07-11,Bank,Debit,23530.96
649,2024-07-23,Expenses,Credit,14671.33
650,2024-05-20,COGS,Debit,32877.54
651,2024-04-01,COGS,Credit,9670.96
652,2024-05-09,Bank,Credit,81945.18
653,2024-05-03,Sales,Credit,48220.06
654,2024-07-14,Cash,Credit,14246.1
655,2024-06-28,Salaries,Debit,79080.15
656,2024-04-06,Expenses,Debit,86100.93
657,2024-07-13,COGS,Debit,59285.3
658,2024-06-08,Sales,Debit,70825.64
659,2024-07-18,Bank,Debit,56864.01
660,2024-04-04,Cash,Credit,89389.36
661,2024-04-03,Sales,Debit,80318.9
662,2024-04-27,Bank,Credit,26392.93
663,2024-06-16,Expenses,Credit,40611.56
664,2024-05-02,Bank,Debit,69752.24
665,2024-04-17,Cash,Credit,69744.27
666,2024-07-08,Sales,Debit,21647.06
667,2024-04-24,Salaries,Credit,35577.81
668,2024-05-20,COGS,Credit,76876.96
669,2024-07-12,Expenses,Debit,22330.73
670,2024-06-26,Sales,Debit,78506.89
671,2024-04-27,COGS,Debit,74186.72
672,2024-05-29,COGS,Credit,5285.93
673,2024-07-04,Expenses,Credit,25358.09
674,2024-06-23,Cash,Credit,99369.55
675,2024-07-28,COGS,Debit,87660.91
676,2024-04-28,Expenses,Debit,20025.92
677,2024-07-25,Salaries,Credit,74583.88
678,2024-07-23,Sales,Debit,80870.48
679,2024-07-08,Expenses,Credit,85073.39
680,2024-07-21,Bank,Credit,96593.71
681,2024-06-18,Bank,Credit,59712.76
682,2024-04-09,Salaries,Credit,12807.69
683,2024-06-17,COGS,Debit,30267.99
684,2024-07-21,Expenses,Debit,29236.71
685,2024-05-12,Sales,Credit,27376.58
686,2024-05-18,Cash,Credit,1023.31
687,2024-04-16,COGS,Credit,42473.15
688,2024-07-14,Salaries,Debit,58944.99
689,2024-07-27,COGS,Credit,81764.79
690,2024-04-04,COGS,Credit,48884.98
691,2024-07-18,Sales,Debit,95089.08
692,2024-05-02,Sales,Credit,17633.59
693,2024-04-09,Bank,Debit,63881.8
694,2024-04-16,Expenses,Debit,39775.53
695,2024-06-03,Salaries,Debit,5995.15
696,2024-06-05,Expenses,Debit,49096.91
697,2024-07-19,Expenses,Credit,18813.18
698,2024-04-28,Sales,Debit,46926.48
699,2024-05-01,Cash,Credit,13774.34
700,2024-05-30,Salaries,Credit,55973.51
701,2024-05-16,Salaries,Debit,39625.12
702,2024-05-12,Salaries,Debit,11649.63
703,2024-04-27,Bank,Debit,83170.34
704,2024-06-22,Cash,Debit,22181.41
705,2024-04-03,COGS,Credit,12900.69
706,2024-07-08,Cash,Debit,98041.11
707,2024-07-23,Bank,Credit,16200.25
708,2024-06-22,Sales,Credit,72753.74
709,2024-06-08,Salaries,Credit,69928.61
710,2024-06-24,Cash,Debit,13632.32
711,2024-05-21,Bank,Debit,14722.96
712,2024-06-10,COGS,Credit,79096.41
713,2024-06-14,Bank,Credit,98502.47
714,2024-06-24,Sales,Debit,60124.16
715,2024-05-11,Salaries,Debit,86958.97
716,2024-05-03,Cash,Debit,28360.32
717,2024-05-04,Salaries,Debit,52476.17
718,2024-06-30,Bank,Credit,81448.02
719,2024-06-08,Sales,Credit,29782.0
720,2024-07-29,Cash,Debit,83306.88
721,2024-07-28,Bank,Credit,33196.55
722,2024-07-02,Salaries,Debit,79895.04
723,2024-05-28,Cash,Credit,90399.81
724,2024-05-29,Cash,Credit,32311.88
725,2024-07-13,Bank,Debit,30994.69
726,2024-04-01,Sales,Credit,65480.54
727,2024-07-16,COGS,Credit,22977.24
728,2024-05-22,Cash,Credit,51653.48
729,2024-05-28,Sales,Debit,26470.28
730,2024-05-10,COGS,Debit,95108.19
731,2024-05-30,COGS,Debit,14029.89
732,2024-04-06,Bank,Credit,65493.02
733,2024-07-28,Expenses,Debit,78621.45
734,2024-07-15,Sales,Credit,91906.03
735,2024-07-17,Salaries,Debit,45661.11
736,2024-04-09,Bank,Debit,20542.08
737,2024-06-17,Cash,Debit,44069.03
738,2024-07-02,COGS,Credit,84001.97
739,2024-06-30,Salaries,Debit,72451.65
740,2024-05-06,Sales,Debit,55339.39
741,2024-05-03,Bank,Debit,4919.59
742,2024-04-11,Cash,Credit,12361.73
743,2024-06-03,Sales,Debit,38674.63
744,2024-07-14,Cash,Debit,25562.71
745,2024-05-29,COGS,Debit,52146.36
746,2024-06-27,Expenses,Credit,83831.1
747,2024-06-29,Cash,Debit,37761.62
748,2024-04-02,Expenses,Credit,51681.24
749,2024-04-19,Salaries,Debit,85627.41
750,2024-06-22,Bank,Credit,71018.62
751,2024-06-30,Expenses,Debit,14005.74
752,2024-07-28,Expenses,Credit,5000.98
753,2024-05-19,Sales,Debit,47406.61
754,2024-06-08,Sales,Credit,75865.01
755,2024-04-17,Bank,Debit,73675.77
756,2024-06-24,Sales,Credit,93421.23
757,2024-05-01,Cash,Debit,17395.23
758,2024-04-11,Cash,Credit,34406.67
759,2024-04-15,COGS,Debit,14405.43
760,2024-04-10,Salaries,Debit,41637.96
761,2024-05-23,COGS,Credit,3989.48
762,2024-05-07,Expenses,Debit,6279.96
763,2024-05-01,Cash,Credit,59185.85
764,2024-06-26,Salaries,Credit,89433.38
765,2024-05-09,COGS,Credit,69674.58
766,2024-05-11,Cash,Debit,61667.55
767,2024-07-24,COGS,Credit,33757.69
768,2024-06-03,Salaries,Debit,76361.79
769,2024-04-16,Salaries,Debit,91730.43
770,2024-06-16,Salaries,Debit,15158.17
771,2024-06-30,Expenses,Credit,94884.79
772,2024-04-01,Sales,Credit,21166.7
773,2024-06-08,Bank,Debit,74311.04
774,2024-04-13,Cash,Credit,7903.16
775,2024-06-11,COGS,Credit,34509.69
776,2024-07-25,COGS,Debit,89879.44
777,2024-07-16,Sales,Credit,70319.64
778,2024-04-27,Cash,Debit,97082.02
779,2024-05-23,Bank,Credit,71547.67
780,2024-06-11,Cash,Debit,70756.35
781,2024-05-11,COGS,Debit,74179.86
782,2024-05-11,COGS,Credit,64695.07
783,2024-05-12,Sales,Debit,50698.96
784,2024-06-14,COGS,Debit,57782.19
785,2024-04-25,Sales,Debit,97476.22
786,2024-05-22,COGS,Credit,76946.2
787,2024-05-03,Bank,Debit,22355.14
788,2024-04-15,Salaries,Debit,93078.05
789,2024-06-30,Salaries,Debit,68550.54
790,2024-06-21,Bank,Debit,20506.33
791,2024-06-25,Sales,Credit,76558.66
792,2024-06-07,Cash,Debit,76004.71
793,2024-07-24,Cash,Debit,19607.17
794,2024-06-25,Expenses,Debit,60877.58
795,2024-05-31,Salaries,Credit,1019.65
796,2024-07-04,Salaries,Debit,11410.74
797,2024-06-27,Sales,Debit,10451.52
798,2024-06-11,Cash,Credit,28541.33
799,2024-05-04,Expenses,Credit,69126.42
800,2024-04-07,Bank,Debit,1057.61
